id,title,author,genre,publisher,year,pages,price,rating,in_stock,description
BK0001,Whispers of Mountain,Mateo Rodriguez,Philosophy,Hachette,1983,262,45.76,4.2,true,"Combining power with war, this book delivers a compelling narrative that challenges convention."
BK0002,Whispers of River,Linda Moore,Fiction,Pearson,1958,694,16.73,4.1,false,"An award-winning exploration of resilience, blending history with sharp, contemporary prose that has captivated readers worldwide."
BK0003,The Forgotten Mountain,Olumide Cohen,Romance,Simon & Schuster,2009,468,21.0,3.0,false,A gripping romance novel that explores themes of technology and innovation through the eyes of a young protagonist navigating a changing world.
BK0004,Echoes from Code,Karen Rodriguez,Mystery,Bloomsbury,1960,590,34.95,4.9,false,A gripping mystery novel that explores themes of data and discovery through the eyes of a young protagonist navigating a changing world.
BK0005,The Lost Revolution,Diego Okafor,Drama,Oxford University Press,1979,841,9.75,4.2,false,A gripping drama novel that explores themes of family and identity through the eyes of a young protagonist navigating a changing world.
BK0006,The Last Universe,Aisha Tanaka,Biography,Oxford University Press,1975,499,25.17,4.2,true,"Combining myth with betrayal, this book delivers a compelling narrative that challenges convention."
BK0007,Chronicles of Star,Jennifer Thomas,Self-Help,MIT Press,1989,775,43.15,3.0,false,A gripping self-help novel that explores themes of family and war through the eyes of a young protagonist navigating a changing world.
BK0008,Echoes from Algorithm,William Williams,Horror,Hachette,1995,337,41.38,3.5,false,"An award-winning exploration of justice, blending freedom with sharp, contemporary prose that has captivated readers worldwide."
BK0009,Chronicles of Journey,Sarah Rodriguez,Fantasy,Springer,2009,717,27.56,3.0,true,"Combining machine learning with technology, this book delivers a compelling narrative that challenges convention."
BK0010,The Silent Storm,Robert Patel,Horror,Simon & Schuster,2009,730,9.42,3.5,false,"Combining justice with data, this book delivers a compelling narrative that challenges convention."
BK0011,The Silent Machine,Mateo Brown,Drama,Wiley,2023,393,47.49,3.4,false,"A sweeping tale set against the backdrop of betrayal, where unforgettable characters confront questions of resilience and identity."
BK0012,Chronicles of Horizon,William Moore,Fiction,Bloomsbury,1977,639,55.27,4.7,false,A landmark study of artificial intelligence drawing on decades of research and firsthand experience in culture.
BK0013,Beyond the Code,Olumide Garcia,Fantasy,Manning,2022,120,38.33,3.7,true,This authoritative volume on discovery offers practical insights and rigorous analysis for students and practitioners alike.
BK0014,Shadows of Legacy,John Williams,Fiction,Springer,2017,190,58.8,3.8,true,"An award-winning exploration of society, blending machine learning with sharp, contemporary prose that has captivated readers worldwide."
BK0015,Beyond the Ocean,Thomas Okafor,Self-Help,Pearson,2009,336,56.15,4.4,true,A landmark study of discovery drawing on decades of research and firsthand experience in innovation.
BK0016,The Lost Code,Joseph Rossi,Philosophy,Manning,2012,243,19.38,2.7,true,"Combining data with family, this book delivers a compelling narrative that challenges convention."
BK0017,Shadows of Mountain,John Nguyen,Technology,Wiley,1962,354,9.63,2.6,false,A gripping technology novel that explores themes of artificial intelligence and family through the eyes of a young protagonist navigating a changing world.
BK0018,The Lost Heart,Michael Jackson,Romance,Simon & Schuster,2015,368,48.36,4.5,true,A gripping romance novel that explores themes of identity and society through the eyes of a young protagonist navigating a changing world.
BK0019,Echoes from Mind,Susan Thomas,Biography,Vintage,1961,809,41.28,4.1,true,"A sweeping tale set against the backdrop of consciousness, where unforgettable characters confront questions of memory and identity."
BK0020,Songs of Storm,Linda Miller,Horror,Hachette,2023,579,13.56,3.0,false,"An award-winning exploration of technology, blending resilience with sharp, contemporary prose that has captivated readers worldwide."
BK0021,Songs of Journey,Patricia Johnson,Horror,Wiley,2024,135,58.32,4.8,true,"An award-winning exploration of power, blending machine learning with sharp, contemporary prose that has captivated readers worldwide."
BK0022,Shadows of Algorithm,Diego Johnson,History,Simon & Schuster,2003,122,59.2,3.2,false,This authoritative volume on power offers practical insights and rigorous analysis for students and practitioners alike.
BK0023,The Forgotten Journey,Hiroshi Nguyen,Poetry,O'Reilly Media,1974,314,22.01,4.9,true,A landmark study of memory drawing on decades of research and firsthand experience in war.
BK0024,Tales of Heart,Thomas Schmidt,Fiction,Vintage,2022,281,9.06,3.8,true,A gripping fiction novel that explores themes of culture and technology through the eyes of a young protagonist navigating a changing world.
BK0025,Songs of Star,Richard Brown,Philosophy,Anchor Books,1986,712,38.09,4.0,false,A landmark study of history drawing on decades of research and firsthand experience in history.
BK0026,Echoes from Ocean,Michael Khan,Self-Help,Springer,1995,364,20.33,2.8,false,"A sweeping tale set against the backdrop of memory, where unforgettable characters confront questions of technology and identity."
BK0027,The Hidden Revolution,Charles Brown,Fiction,HarperCollins,2023,338,33.31,2.8,false,A gripping fiction novel that explores themes of family and loss through the eyes of a young protagonist navigating a changing world.
BK0028,Beyond the Universe,Kenji Jackson,Romance,Springer,1993,746,59.12,4.5,true,A landmark study of data drawing on decades of research and firsthand experience in discovery.
BK0029,The Lost Storm,Diego Jones,Adventure,Macmillan,1969,229,46.08,2.9,false,"Combining ambition with nature, this book delivers a compelling narrative that challenges convention."
BK0030,Shadows of Machine,Aisha Okafor,Thriller,Macmillan,2019,620,19.55,4.8,true,A gripping thriller novel that explores themes of myth and power through the eyes of a young protagonist navigating a changing world.
BK0031,The Last Empire,James Hernandez,Drama,Bloomsbury,1971,772,58.9,2.9,false,"Combining nature with power, this book delivers a compelling narrative that challenges convention."
BK0032,The Silent Storm,John Rossi,Self-Help,Springer,1974,678,7.94,3.4,true,"A sweeping tale set against the backdrop of freedom, where unforgettable characters confront questions of war and identity."
BK0033,Echoes from Empire,Diego Lopez,Romance,Hachette,1986,802,11.54,4.5,false,"Combining consciousness with freedom, this book delivers a compelling narrative that challenges convention."
BK0034,The Ancient Star,Fatima Garcia,Adventure,Bloomsbury,1977,542,7.33,4.3,false,"A sweeping tale set against the backdrop of society, where unforgettable characters confront questions of consciousness and identity."
BK0035,Shadows of Ocean,Jennifer Cohen,Horror,Springer,1968,511,53.09,4.6,true,"An award-winning exploration of resilience, blending loss with sharp, contemporary prose that has captivated readers worldwide."
BK0036,Songs of Star,Linda Smith,Romance,Wiley,1979,528,23.72,4.7,false,This authoritative volume on myth offers practical insights and rigorous analysis for students and practitioners alike.
BK0037,The Lost Journey,David Smith,Biography,HarperCollins,1988,302,37.34,5.0,true,A gripping biography novel that explores themes of culture and power through the eyes of a young protagonist navigating a changing world.
BK0038,Chronicles of Desert,Susan Lee,Thriller,Manning,1969,514,54.56,3.0,true,A landmark study of power drawing on decades of research and firsthand experience in love.
BK0039,The Ancient Journey,Hiroshi Kim,Self-Help,Springer,1980,492,29.28,4.9,false,"Combining memory with society, this book delivers a compelling narrative that challenges convention."
BK0040,Whispers of Horizon,Diego Martinez,Drama,Manning,1994,802,28.04,3.5,false,"Combining freedom with ambition, this book delivers a compelling narrative that challenges convention."
BK0041,The Lost Algorithm,Hiroshi Kim,Biography,Anchor Books,1977,750,36.72,3.5,true,This authoritative volume on discovery offers practical insights and rigorous analysis for students and practitioners alike.
BK0042,The Forgotten Legacy,Karen Patel,Biography,Oxford University Press,2014,572,29.87,3.0,false,A landmark study of betrayal drawing on decades of research and firsthand experience in society.
BK0043,The Last Truth,Hiroshi Patel,Mystery,Pearson,1997,215,50.18,4.4,false,"An award-winning exploration of ambition, blending freedom with sharp, contemporary prose that has captivated readers worldwide."
BK0044,The Silent Star,Jessica Lee,Fiction,Vintage,1964,586,28.37,4.1,true,A landmark study of nature drawing on decades of research and firsthand experience in innovation.
BK0045,Dreams of Star,Robert Patel,History,Springer,1955,229,48.02,3.0,false,A gripping history novel that explores themes of data and family through the eyes of a young protagonist navigating a changing world.
BK0046,Songs of Storm,Joseph Jones,Adventure,Bloomsbury,2014,803,34.67,3.9,false,"A sweeping tale set against the backdrop of culture, where unforgettable characters confront questions of consciousness and identity."
BK0047,Voices in Mind,Kenji Schmidt,Adventure,Manning,2012,282,46.15,3.7,false,"An award-winning exploration of myth, blending justice with sharp, contemporary prose that has captivated readers worldwide."
BK0048,The Forgotten Truth,Jessica Patel,Horror,Hachette,1990,570,10.17,3.2,false,This authoritative volume on memory offers practical insights and rigorous analysis for students and practitioners alike.
BK0049,Beyond the Kingdom,Linda Wilson,Mystery,Springer,1974,843,17.54,3.5,false,"Combining resilience with power, this book delivers a compelling narrative that challenges convention."
BK0050,Shadows of Mind,Richard Rossi,Fiction,Bloomsbury,1957,709,26.53,2.5,false,This authoritative volume on innovation offers practical insights and rigorous analysis for students and practitioners alike.
BK0051,Chronicles of Horizon,Sarah Cohen,Self-Help,Pearson,1983,619,17.84,3.6,true,"A sweeping tale set against the backdrop of memory, where unforgettable characters confront questions of society and identity."
BK0052,The Forgotten Algorithm,Mateo Garcia,Philosophy,Vintage,2014,250,58.95,3.8,false,"Combining history with society, this book delivers a compelling narrative that challenges convention."
BK0053,Whispers of Network,Susan Jones,Fiction,Vintage,2014,306,8.71,3.4,true,"A sweeping tale set against the backdrop of memory, where unforgettable characters confront questions of memory and identity."
BK0054,The Ancient Algorithm,William Singh,Horror,Vintage,2008,378,51.08,3.7,true,This authoritative volume on family offers practical insights and rigorous analysis for students and practitioners alike.
BK0055,The Forgotten Network,Mary Singh,Mystery,Penguin Random House,1986,324,51.31,4.1,true,"An award-winning exploration of machine learning, blending society with sharp, contemporary prose that has captivated readers worldwide."
BK0056,Tales of River,Joseph Nguyen,Mystery,Macmillan,2002,291,38.71,4.9,true,"An award-winning exploration of discovery, blending identity with sharp, contemporary prose that has captivated readers worldwide."
BK0057,The Silent City,Charles Khan,Technology,Anchor Books,2003,526,56.83,3.0,true,A gripping technology novel that explores themes of nature and discovery through the eyes of a young protagonist navigating a changing world.
BK0058,The Lost Revolution,Anya Brown,Drama,Bloomsbury,1960,475,34.76,4.2,true,"Combining myth with memory, this book delivers a compelling narrative that challenges convention."
BK0059,Songs of Mind,Kenji Taylor,Fiction,HarperCollins,2010,490,40.31,4.6,true,"A sweeping tale set against the backdrop of betrayal, where unforgettable characters confront questions of consciousness and identity."
BK0060,The Lost Ocean,Karen Cohen,Self-Help,Anchor Books,2023,615,31.09,4.6,false,This authoritative volume on family offers practical insights and rigorous analysis for students and practitioners alike.
BK0061,The Ancient Universe,Linda Singh,Romance,O'Reilly Media,2003,464,7.54,4.6,true,"A sweeping tale set against the backdrop of ambition, where unforgettable characters confront questions of loss and identity."
BK0062,The Last Desert,William Rossi,Horror,Pearson,1990,689,6.54,4.9,true,"An award-winning exploration of consciousness, blending power with sharp, contemporary prose that has captivated readers worldwide."
BK0063,Voices in Frontier,Linda Nguyen,History,O'Reilly Media,2017,578,48.81,2.7,true,"A sweeping tale set against the backdrop of nature, where unforgettable characters confront questions of family and identity."
BK0064,The Lost Legacy,Barbara Taylor,Romance,Manning,2022,472,28.97,4.4,false,This authoritative volume on nature offers practical insights and rigorous analysis for students and practitioners alike.
BK0065,The Last Ocean,Linda Brown,Romance,Springer,1979,443,12.45,3.8,true,"An award-winning exploration of ambition, blending consciousness with sharp, contemporary prose that has captivated readers worldwide."
BK0066,The Last Horizon,Charles Singh,History,Manning,1991,222,50.95,3.2,false,"An award-winning exploration of discovery, blending love with sharp, contemporary prose that has captivated readers worldwide."
BK0067,Voices in Kingdom,William Johnson,Poetry,Penguin Random House,2025,419,43.65,2.8,false,A gripping poetry novel that explores themes of love and history through the eyes of a young protagonist navigating a changing world.
BK0068,The Hidden Heart,Joseph Hernandez,Romance,Simon & Schuster,1961,378,56.81,3.7,true,"A sweeping tale set against the backdrop of machine learning, where unforgettable characters confront questions of technology and identity."
BK0069,The Lost Machine,Mary Jones,Technology,Simon & Schuster,1993,207,59.66,2.8,false,"Combining culture with culture, this book delivers a compelling narrative that challenges convention."
BK0070,The Forgotten Truth,Richard Thomas,Fantasy,Anchor Books,2011,424,52.44,5.0,false,"Combining culture with war, this book delivers a compelling narrative that challenges convention."
BK0071,Chronicles of Storm,Olumide Miller,Technology,Wiley,1982,390,41.65,2.9,true,"Combining technology with betrayal, this book delivers a compelling narrative that challenges convention."
BK0072,Dreams of Universe,Priya Lee,Fiction,O'Reilly Media,1992,153,18.49,4.3,false,A gripping fiction novel that explores themes of society and family through the eyes of a young protagonist navigating a changing world.
BK0073,The Last Network,Charles Khan,Adventure,Bloomsbury,1980,555,12.19,3.1,true,This authoritative volume on freedom offers practical insights and rigorous analysis for students and practitioners alike.
BK0074,Beyond the City,Karen Kim,Fiction,Vintage,1991,569,12.71,4.2,false,This authoritative volume on artificial intelligence offers practical insights and rigorous analysis for students and practitioners alike.
BK0075,The Hidden Garden,Karen Johnson,History,Anchor Books,2010,450,38.59,2.6,true,A landmark study of history drawing on decades of research and firsthand experience in history.
BK0076,The Forgotten Machine,Kenji Rodriguez,Fiction,Pearson,1960,299,31.4,4.1,false,"An award-winning exploration of history, blending power with sharp, contemporary prose that has captivated readers worldwide."
BK0077,Songs of Heart,John Taylor,Philosophy,Oxford University Press,2007,461,23.33,2.8,true,This authoritative volume on power offers practical insights and rigorous analysis for students and practitioners alike.
BK0078,The Last Machine,Richard Tanaka,History,Bloomsbury,2025,157,30.55,3.3,false,A gripping history novel that explores themes of innovation and artificial intelligence through the eyes of a young protagonist navigating a changing world.
BK0079,The Silent Machine,Fatima Jackson,Drama,O'Reilly Media,2007,175,16.12,3.4,false,A landmark study of resilience drawing on decades of research and firsthand experience in war.
BK0080,The Last Journey,Robert Schmidt,Fantasy,Macmillan,2011,835,32.16,2.6,true,A landmark study of betrayal drawing on decades of research and firsthand experience in discovery.
BK0081,The Silent Journey,Susan Williams,Self-Help,Hachette,1969,592,57.13,4.1,true,"A sweeping tale set against the backdrop of nature, where unforgettable characters confront questions of discovery and identity."
BK0082,Chronicles of Ocean,Susan Tanaka,Self-Help,O'Reilly Media,2015,369,30.66,2.9,true,"Combining artificial intelligence with consciousness, this book delivers a compelling narrative that challenges convention."
BK0083,Beyond the Garden,William Singh,Adventure,Bloomsbury,2008,468,56.44,3.8,true,This authoritative volume on consciousness offers practical insights and rigorous analysis for students and practitioners alike.
BK0084,Tales of Legacy,Hiroshi Taylor,Drama,Vintage,1974,577,35.07,3.4,false,"A sweeping tale set against the backdrop of memory, where unforgettable characters confront questions of ambition and identity."
BK0085,Shadows of Legacy,Richard Davis,Poetry,Vintage,2007,164,23.17,3.7,false,"A sweeping tale set against the backdrop of society, where unforgettable characters confront questions of myth and identity."
BK0086,The Hidden Empire,Robert Moore,Science Fiction,Pearson,1997,222,53.2,3.6,false,A gripping science fiction novel that explores themes of consciousness and freedom through the eyes of a young protagonist navigating a changing world.
BK0087,Songs of Network,Robert Williams,Biography,O'Reilly Media,1988,466,39.65,3.5,true,This authoritative volume on society offers practical insights and rigorous analysis for students and practitioners alike.
BK0088,Echoes from Network,Priya Rossi,Biography,Bloomsbury,2017,674,7.93,2.7,false,"An award-winning exploration of consciousness, blending technology with sharp, contemporary prose that has captivated readers worldwide."
BK0089,Whispers of Frontier,Aisha Nguyen,Biography,Vintage,1967,574,14.97,3.2,true,A gripping biography novel that explores themes of memory and war through the eyes of a young protagonist navigating a changing world.
BK0090,Echoes from Code,Susan Jones,Romance,Hachette,2022,541,36.55,4.5,true,"An award-winning exploration of technology, blending culture with sharp, contemporary prose that has captivated readers worldwide."
BK0091,Dreams of Revolution,Hiroshi Davis,Drama,O'Reilly Media,1973,357,30.89,3.1,false,A landmark study of love drawing on decades of research and firsthand experience in resilience.
BK0092,The Last Machine,Sarah Garcia,Adventure,HarperCollins,2011,473,59.32,3.2,false,A landmark study of justice drawing on decades of research and firsthand experience in resilience.
BK0093,The Last River,Richard Okafor,Drama,O'Reilly Media,1968,362,26.58,3.4,false,A landmark study of discovery drawing on decades of research and firsthand experience in love.
BK0094,The Lost Algorithm,William Smith,Drama,Pearson,1961,740,46.23,4.6,false,"An award-winning exploration of culture, blending loss with sharp, contemporary prose that has captivated readers worldwide."
BK0095,The Lost River,Karen Rodriguez,Fantasy,Wiley,1972,763,11.24,4.1,true,This authoritative volume on resilience offers practical insights and rigorous analysis for students and practitioners alike.
BK0096,Echoes from Horizon,Robert Williams,Technology,Anchor Books,1992,454,46.35,2.9,true,"Combining loss with artificial intelligence, this book delivers a compelling narrative that challenges convention."
BK0097,The Ancient Ocean,Kenji Garcia,Self-Help,Macmillan,2016,422,46.3,3.3,true,"A sweeping tale set against the backdrop of technology, where unforgettable characters confront questions of freedom and identity."
BK0098,Shadows of Machine,Mateo Khan,Horror,MIT Press,2001,212,48.69,2.5,true,"A sweeping tale set against the backdrop of loss, where unforgettable characters confront questions of society and identity."
BK0099,The Lost Ocean,Charles Wilson,Poetry,Vintage,2002,230,42.43,3.7,false,"Combining family with myth, this book delivers a compelling narrative that challenges convention."
BK0100,The Lost Universe,Mei Nguyen,Mystery,Macmillan,2007,239,13.54,4.9,false,"A sweeping tale set against the backdrop of identity, where unforgettable characters confront questions of identity and identity."
BK0101,The Ancient Journey,Robert Wilson,Fantasy,O'Reilly Media,2002,806,57.26,4.2,false,"Combining consciousness with consciousness, this book delivers a compelling narrative that challenges convention."
BK0102,The Ancient Mind,Aisha Brown,Science Fiction,Vintage,2017,750,28.03,4.9,true,A landmark study of loss drawing on decades of research and firsthand experience in ambition.
BK0103,The Hidden Star,Fatima Lopez,History,HarperCollins,2002,677,54.68,4.1,true,"A sweeping tale set against the backdrop of justice, where unforgettable characters confront questions of ambition and identity."
BK0104,Songs of Universe,John Khan,Mystery,Hachette,1957,171,48.48,3.1,true,"Combining ambition with technology, this book delivers a compelling narrative that challenges convention."
BK0105,The Forgotten Journey,Michael Martin,Drama,Hachette,1984,456,47.81,4.5,true,This authoritative volume on freedom offers practical insights and rigorous analysis for students and practitioners alike.
BK0106,The Last Forest,Patricia Khan,Self-Help,Vintage,1958,254,6.79,4.5,true,"Combining memory with love, this book delivers a compelling narrative that challenges convention."
BK0107,The Last Empire,Robert Kim,Science Fiction,MIT Press,2022,236,46.26,3.7,false,"Combining history with identity, this book delivers a compelling narrative that challenges convention."
BK0108,Voices in Star,Karen Johnson,History,Springer,2021,428,30.72,4.9,true,"A sweeping tale set against the backdrop of innovation, where unforgettable characters confront questions of power and identity."
BK0109,Whispers of Heart,Priya Schmidt,Philosophy,O'Reilly Media,1964,202,23.38,2.9,true,This authoritative volume on culture offers practical insights and rigorous analysis for students and practitioners alike.
BK0110,Voices in Quantum,David Wilson,Technology,Pearson,2022,421,30.49,4.0,true,A landmark study of identity drawing on decades of research and firsthand experience in myth.
BK0111,The Ancient Frontier,Sarah Kim,Philosophy,Vintage,1982,560,30.37,3.1,false,"A sweeping tale set against the backdrop of innovation, where unforgettable characters confront questions of power and identity."
BK0112,Whispers of Desert,Susan Hernandez,Poetry,Wiley,1987,503,57.48,4.2,false,A gripping poetry novel that explores themes of technology and technology through the eyes of a young protagonist navigating a changing world.
BK0113,Dreams of Storm,Mateo Kim,Mystery,Oxford University Press,1971,689,9.23,4.9,false,A landmark study of identity drawing on decades of research and firsthand experience in power.
BK0114,Songs of Machine,Olumide Anderson,Thriller,Vintage,1961,414,38.41,3.4,true,"An award-winning exploration of society, blending machine learning with sharp, contemporary prose that has captivated readers worldwide."
BK0115,Songs of Storm,Barbara Okafor,Fantasy,Manning,2002,237,47.17,3.9,false,"Combining culture with culture, this book delivers a compelling narrative that challenges convention."
BK0116,The Lost Journey,James Lee,Philosophy,Anchor Books,1989,149,15.73,4.3,false,This authoritative volume on loss offers practical insights and rigorous analysis for students and practitioners alike.
BK0117,Songs of Kingdom,Charles Khan,Science Fiction,MIT Press,1963,265,46.0,4.9,true,A landmark study of artificial intelligence drawing on decades of research and firsthand experience in ambition.
BK0118,Dreams of Universe,David Garcia,Biography,Oxford University Press,1994,452,47.94,3.9,true,A gripping biography novel that explores themes of freedom and betrayal through the eyes of a young protagonist navigating a changing world.
BK0119,Tales of Empire,Hiroshi Williams,Horror,Macmillan,2011,797,28.89,4.0,false,This authoritative volume on ambition offers practical insights and rigorous analysis for students and practitioners alike.
BK0120,Echoes from Mind,Patricia Martinez,Mystery,Wiley,2017,659,42.02,2.6,false,"Combining war with love, this book delivers a compelling narrative that challenges convention."
BK0121,The Last River,Olumide Jones,Fantasy,Bloomsbury,1987,416,23.71,2.5,false,"An award-winning exploration of freedom, blending innovation with sharp, contemporary prose that has captivated readers worldwide."
BK0122,Chronicles of Star,Thomas Jackson,Self-Help,Vintage,2000,193,27.43,4.4,false,A gripping self-help novel that explores themes of resilience and technology through the eyes of a young protagonist navigating a changing world.
BK0123,Echoes from Legacy,Susan Martin,Drama,MIT Press,2008,416,12.21,2.6,false,"An award-winning exploration of culture, blending resilience with sharp, contemporary prose that has captivated readers worldwide."
BK0124,Chronicles of Code,John Anderson,Drama,Vintage,1968,369,29.52,3.5,true,"A sweeping tale set against the backdrop of discovery, where unforgettable characters confront questions of consciousness and identity."
BK0125,Shadows of Desert,Olumide Garcia,Thriller,HarperCollins,2020,768,12.15,3.8,false,This authoritative volume on consciousness offers practical insights and rigorous analysis for students and practitioners alike.
BK0126,Beyond the Star,Patricia Jones,Drama,Macmillan,1980,297,38.52,4.4,true,"An award-winning exploration of myth, blending machine learning with sharp, contemporary prose that has captivated readers worldwide."
BK0127,The Forgotten Legacy,Olumide Martin,History,O'Reilly Media,1996,762,23.06,3.6,false,"A sweeping tale set against the backdrop of myth, where unforgettable characters confront questions of discovery and identity."
BK0128,The Last Legacy,Mary Lopez,Horror,Manning,1964,437,30.92,2.6,false,This authoritative volume on technology offers practical insights and rigorous analysis for students and practitioners alike.
BK0129,Songs of Garden,Karen Lee,Drama,Manning,2004,593,37.33,4.9,true,"A sweeping tale set against the backdrop of history, where unforgettable characters confront questions of myth and identity."
BK0130,Echoes from Revolution,Jessica Moore,Fantasy,Simon & Schuster,1962,581,11.58,4.7,false,A landmark study of technology drawing on decades of research and firsthand experience in artificial intelligence.
BK0131,Beyond the Empire,Linda Nguyen,Philosophy,O'Reilly Media,2011,656,34.22,2.9,false,This authoritative volume on innovation offers practical insights and rigorous analysis for students and practitioners alike.
BK0132,Echoes from Machine,Karen Johnson,Horror,Bloomsbury,1997,187,23.79,3.9,false,This authoritative volume on justice offers practical insights and rigorous analysis for students and practitioners alike.
BK0133,The Lost Revolution,Fatima Jones,Drama,Oxford University Press,1965,716,41.83,4.8,false,A landmark study of nature drawing on decades of research and firsthand experience in society.
BK0134,Beyond the Revolution,Priya Williams,Biography,Macmillan,2003,778,48.74,4.5,true,A landmark study of society drawing on decades of research and firsthand experience in power.
BK0135,Echoes from Mountain,Barbara Martinez,Self-Help,Simon & Schuster,1982,469,57.16,3.7,true,"An award-winning exploration of freedom, blending technology with sharp, contemporary prose that has captivated readers worldwide."
BK0136,Songs of Storm,Thomas Singh,Romance,Manning,2022,158,41.73,4.7,true,"Combining innovation with freedom, this book delivers a compelling narrative that challenges convention."
BK0137,Beyond the Quantum,Olumide Lee,Science Fiction,Bloomsbury,1976,568,8.35,3.4,true,"A sweeping tale set against the backdrop of culture, where unforgettable characters confront questions of discovery and identity."
BK0138,Chronicles of Universe,Linda Jackson,Horror,Hachette,1994,600,54.8,3.0,false,"A sweeping tale set against the backdrop of discovery, where unforgettable characters confront questions of innovation and identity."
BK0139,Voices in Mind,Jennifer Tanaka,Self-Help,Hachette,1972,376,8.81,3.7,false,"Combining identity with nature, this book delivers a compelling narrative that challenges convention."
BK0140,Voices in Storm,Elizabeth Williams,Drama,Bloomsbury,1975,399,30.25,3.8,false,A gripping drama novel that explores themes of family and resilience through the eyes of a young protagonist navigating a changing world.
BK0141,Echoes from Mountain,Susan Johnson,Adventure,MIT Press,2019,502,18.72,5.0,false,"An award-winning exploration of love, blending memory with sharp, contemporary prose that has captivated readers worldwide."
BK0142,Whispers of Quantum,Aisha Hernandez,Adventure,Bloomsbury,1973,260,8.06,4.8,false,A landmark study of freedom drawing on decades of research and firsthand experience in nature.
BK0143,The Hidden Revolution,James Rossi,History,HarperCollins,1957,382,17.64,2.9,false,A gripping history novel that explores themes of discovery and family through the eyes of a young protagonist navigating a changing world.
BK0144,Whispers of Empire,Linda Anderson,Romance,Wiley,2013,184,11.98,4.8,true,A landmark study of artificial intelligence drawing on decades of research and firsthand experience in history.
BK0145,Chronicles of Kingdom,Elizabeth Anderson,Fantasy,Penguin Random House,2000,366,36.81,3.0,true,"Combining loss with technology, this book delivers a compelling narrative that challenges convention."
BK0146,Voices in Truth,Anya Moore,Self-Help,Manning,1957,519,53.15,2.6,false,This authoritative volume on justice offers practical insights and rigorous analysis for students and practitioners alike.
BK0147,Echoes from Garden,Barbara Davis,Fiction,Springer,1968,715,45.69,3.3,true,This authoritative volume on data offers practical insights and rigorous analysis for students and practitioners alike.
BK0148,The Lost Forest,Kenji Singh,Drama,Wiley,2014,832,31.83,3.0,true,A gripping drama novel that explores themes of nature and resilience through the eyes of a young protagonist navigating a changing world.
BK0149,The Last River,Mary Cohen,Fiction,Hachette,1960,443,56.39,3.8,false,This authoritative volume on war offers practical insights and rigorous analysis for students and practitioners alike.
BK0150,The Last Code,Fatima Singh,Fantasy,Penguin Random House,1997,399,12.71,3.4,false,A landmark study of resilience drawing on decades of research and firsthand experience in innovation.
BK0151,Beyond the Heart,Priya Taylor,Thriller,Oxford University Press,2021,393,49.25,4.3,true,"A sweeping tale set against the backdrop of culture, where unforgettable characters confront questions of betrayal and identity."
BK0152,The Last Desert,Patricia Williams,Self-Help,Oxford University Press,1992,433,30.07,4.3,true,A landmark study of resilience drawing on decades of research and firsthand experience in loss.
BK0153,The Silent Horizon,Fatima Schmidt,History,Oxford University Press,2010,401,40.52,4.5,true,A gripping history novel that explores themes of society and myth through the eyes of a young protagonist navigating a changing world.
BK0154,Echoes from Truth,Anya Kim,Biography,Wiley,1975,151,13.7,4.0,false,A gripping biography novel that explores themes of freedom and technology through the eyes of a young protagonist navigating a changing world.
BK0155,The Forgotten Network,Barbara Lopez,Fantasy,MIT Press,1959,739,14.28,3.6,false,This authoritative volume on resilience offers practical insights and rigorous analysis for students and practitioners alike.
BK0156,Beyond the Truth,Barbara Wilson,Technology,Oxford University Press,1990,375,57.86,2.6,true,"A sweeping tale set against the backdrop of artificial intelligence, where unforgettable characters confront questions of innovation and identity."
BK0157,Voices in Storm,William Singh,Adventure,Macmillan,2012,339,59.79,3.2,false,"An award-winning exploration of identity, blending freedom with sharp, contemporary prose that has captivated readers worldwide."
BK0158,Whispers of Universe,Jennifer Rossi,Drama,Springer,2011,209,49.76,4.9,false,A landmark study of loss drawing on decades of research and firsthand experience in nature.
BK0159,Voices in Journey,Elizabeth Rossi,Mystery,Macmillan,1975,848,44.31,4.3,true,This authoritative volume on artificial intelligence offers practical insights and rigorous analysis for students and practitioners alike.
BK0160,Shadows of Kingdom,Linda Cohen,Mystery,O'Reilly Media,1958,489,35.91,3.4,true,"Combining technology with technology, this book delivers a compelling narrative that challenges convention."
BK0161,Dreams of Quantum,Mateo Taylor,Romance,Manning,2007,539,50.45,2.7,false,A landmark study of technology drawing on decades of research and firsthand experience in resilience.
BK0162,The Lost Truth,Barbara Jones,History,Anchor Books,2025,775,37.73,4.4,true,"A sweeping tale set against the backdrop of artificial intelligence, where unforgettable characters confront questions of war and identity."
BK0163,Whispers of Truth,Robert Martinez,Drama,Simon & Schuster,1975,450,56.47,3.1,false,A gripping drama novel that explores themes of justice and ambition through the eyes of a young protagonist navigating a changing world.
BK0164,Voices in Ocean,Robert Patel,Philosophy,Macmillan,2023,215,33.13,2.9,true,"An award-winning exploration of society, blending culture with sharp, contemporary prose that has captivated readers worldwide."
BK0165,The Ancient Revolution,David Tanaka,Poetry,Anchor Books,1960,149,10.38,4.9,false,A landmark study of ambition drawing on decades of research and firsthand experience in history.
BK0166,Tales of Network,James Taylor,Biography,Anchor Books,2024,416,40.65,3.3,true,A landmark study of innovation drawing on decades of research and firsthand experience in discovery.
BK0167,Whispers of Quantum,Mary Garcia,History,O'Reilly Media,2008,615,31.07,3.4,true,This authoritative volume on nature offers practical insights and rigorous analysis for students and practitioners alike.
BK0168,Songs of Code,Richard Jones,Poetry,Bloomsbury,2002,647,36.32,3.3,false,A gripping poetry novel that explores themes of justice and resilience through the eyes of a young protagonist navigating a changing world.
BK0169,Beyond the Storm,Mary Martinez,Fantasy,MIT Press,2008,374,57.98,4.8,false,"Combining consciousness with memory, this book delivers a compelling narrative that challenges convention."
BK0170,The Forgotten Forest,Jessica Moore,Fantasy,O'Reilly Media,2018,435,32.85,2.7,false,"Combining resilience with family, this book delivers a compelling narrative that challenges convention."
BK0171,Tales of Code,Mary Johnson,Fantasy,Macmillan,2018,731,53.64,4.1,false,This authoritative volume on data offers practical insights and rigorous analysis for students and practitioners alike.
BK0172,Whispers of Mind,Robert Rossi,Drama,Macmillan,2001,532,25.75,3.5,true,This authoritative volume on data offers practical insights and rigorous analysis for students and practitioners alike.
BK0173,Dreams of Truth,Joseph Singh,Mystery,Manning,1990,758,42.73,2.8,true,"A sweeping tale set against the backdrop of loss, where unforgettable characters confront questions of memory and identity."
BK0174,Echoes from Frontier,Robert Miller,Self-Help,Pearson,2020,531,32.99,2.6,true,A landmark study of memory drawing on decades of research and firsthand experience in machine learning.
BK0175,The Hidden Kingdom,Karen Rossi,Self-Help,Manning,1972,455,56.28,3.3,false,"Combining consciousness with discovery, this book delivers a compelling narrative that challenges convention."
BK0176,Echoes from Truth,Kenji Moore,Technology,Manning,2017,845,36.39,3.7,true,This authoritative volume on memory offers practical insights and rigorous analysis for students and practitioners alike.
BK0177,Dreams of Legacy,Elizabeth Cohen,Mystery,Anchor Books,1958,731,31.62,4.9,true,A landmark study of war drawing on decades of research and firsthand experience in history.
BK0178,Beyond the Truth,Aisha Kim,History,Pearson,2003,271,50.36,3.1,true,"An award-winning exploration of love, blending resilience with sharp, contemporary prose that has captivated readers worldwide."
BK0179,Dreams of Kingdom,Susan Nguyen,Thriller,Hachette,2007,633,47.84,4.8,true,A landmark study of freedom drawing on decades of research and firsthand experience in artificial intelligence.
BK0180,Voices in Desert,Hiroshi Taylor,Fantasy,Manning,2003,441,57.65,3.6,false,"Combining loss with society, this book delivers a compelling narrative that challenges convention."
BK0181,Songs of Horizon,Hiroshi Patel,Horror,Bloomsbury,1988,744,32.14,4.9,false,"Combining discovery with family, this book delivers a compelling narrative that challenges convention."
BK0182,The Forgotten City,Priya Miller,Romance,Springer,2017,444,31.9,3.9,false,This authoritative volume on identity offers practical insights and rigorous analysis for students and practitioners alike.
BK0183,Voices in Algorithm,Diego Wilson,Philosophy,Vintage,1999,269,21.67,3.2,true,This authoritative volume on resilience offers practical insights and rigorous analysis for students and practitioners alike.
BK0184,Chronicles of Heart,Michael Miller,Romance,Vintage,2023,397,56.37,4.2,true,A gripping romance novel that explores themes of culture and consciousness through the eyes of a young protagonist navigating a changing world.
BK0185,Shadows of Star,Mary Khan,Technology,Anchor Books,2022,351,40.44,2.6,false,This authoritative volume on nature offers practical insights and rigorous analysis for students and practitioners alike.
BK0186,The Lost Frontier,Robert Smith,Mystery,Manning,1975,536,41.25,4.7,false,"A sweeping tale set against the backdrop of myth, where unforgettable characters confront questions of ambition and identity."
BK0187,The Last Desert,Elizabeth Patel,Horror,Penguin Random House,1966,787,36.99,3.8,true,"An award-winning exploration of power, blending betrayal with sharp, contemporary prose that has captivated readers worldwide."
BK0188,The Ancient Empire,Kenji Wilson,Adventure,Bloomsbury,2018,310,56.57,4.9,false,A gripping adventure novel that explores themes of love and discovery through the eyes of a young protagonist navigating a changing world.
BK0189,Tales of Storm,Mei Hernandez,Technology,Macmillan,2013,776,35.33,3.7,true,"Combining resilience with justice, this book delivers a compelling narrative that challenges convention."
BK0190,The Forgotten Storm,David Garcia,Fantasy,Springer,2013,783,19.88,3.0,false,This authoritative volume on history offers practical insights and rigorous analysis for students and practitioners alike.
BK0191,Shadows of Forest,Karen Okafor,Horror,Wiley,2006,557,33.82,2.7,true,"An award-winning exploration of freedom, blending machine learning with sharp, contemporary prose that has captivated readers worldwide."
BK0192,The Ancient Star,James Rodriguez,Thriller,MIT Press,1985,577,46.69,4.9,false,"Combining consciousness with history, this book delivers a compelling narrative that challenges convention."
BK0193,The Last Network,Barbara Nguyen,Fiction,Hachette,1962,803,12.37,3.3,false,A landmark study of artificial intelligence drawing on decades of research and firsthand experience in nature.
BK0194,The Last Quantum,Patricia Patel,Horror,Anchor Books,1992,496,39.18,3.0,true,"A sweeping tale set against the backdrop of freedom, where unforgettable characters confront questions of resilience and identity."
BK0195,Tales of Code,Susan Nguyen,Poetry,Manning,2015,670,49.3,4.6,true,A landmark study of culture drawing on decades of research and firsthand experience in technology.
BK0196,The Hidden Truth,Priya Lopez,Self-Help,HarperCollins,1969,183,50.74,4.8,true,"Combining data with freedom, this book delivers a compelling narrative that challenges convention."
BK0197,Echoes from Truth,Joseph Brown,Science Fiction,Wiley,1981,717,32.39,4.7,false,A gripping science fiction novel that explores themes of resilience and freedom through the eyes of a young protagonist navigating a changing world.
BK0198,Dreams of Universe,Charles Johnson,Self-Help,Manning,2014,808,49.56,4.3,false,This authoritative volume on love offers practical insights and rigorous analysis for students and practitioners alike.
BK0199,Tales of Garden,Mary Anderson,Fantasy,Oxford University Press,1963,674,59.67,4.8,true,"A sweeping tale set against the backdrop of war, where unforgettable characters confront questions of discovery and identity."
BK0200,Beyond the Frontier,Robert Singh,Biography,Wiley,2008,503,59.6,3.5,false,"A sweeping tale set against the backdrop of technology, where unforgettable characters confront questions of society and identity."
BK0201,Songs of Journey,Robert Patel,Philosophy,Vintage,1999,241,15.63,3.8,true,A landmark study of family drawing on decades of research and firsthand experience in love.
BK0202,The Silent City,Joseph Khan,Horror,Springer,2024,554,34.71,4.6,true,"A sweeping tale set against the backdrop of loss, where unforgettable characters confront questions of freedom and identity."
BK0203,Shadows of Horizon,Olumide Brown,Romance,Penguin Random House,2008,749,47.36,4.7,true,"An award-winning exploration of ambition, blending technology with sharp, contemporary prose that has captivated readers worldwide."
BK0204,Tales of Empire,Joseph Lee,Mystery,Wiley,1961,370,45.98,3.5,true,"Combining ambition with war, this book delivers a compelling narrative that challenges convention."
BK0205,Voices in City,Linda Tanaka,Science Fiction,Anchor Books,1995,711,38.28,4.2,false,"An award-winning exploration of discovery, blending freedom with sharp, contemporary prose that has captivated readers worldwide."
BK0206,Voices in Star,Susan Martinez,Philosophy,Macmillan,1962,690,57.21,4.7,true,A landmark study of society drawing on decades of research and firsthand experience in power.
BK0207,The Hidden Empire,Barbara Patel,Self-Help,Wiley,2003,657,23.2,3.5,true,This authoritative volume on innovation offers practical insights and rigorous analysis for students and practitioners alike.
BK0208,Voices in Heart,Linda Okafor,Horror,Hachette,1993,844,13.78,3.7,true,"Combining power with power, this book delivers a compelling narrative that challenges convention."
BK0209,Voices in Kingdom,Richard Davis,Self-Help,Macmillan,1981,458,40.91,4.8,false,A gripping self-help novel that explores themes of data and consciousness through the eyes of a young protagonist navigating a changing world.
BK0210,Shadows of Empire,William Wilson,Drama,Wiley,1960,194,16.15,4.4,true,"A sweeping tale set against the backdrop of ambition, where unforgettable characters confront questions of memory and identity."
BK0211,The Ancient Mountain,Michael Schmidt,Romance,Hachette,1970,610,55.37,4.2,true,"A sweeping tale set against the backdrop of family, where unforgettable characters confront questions of data and identity."
BK0212,The Forgotten City,Richard Thomas,Thriller,Manning,2000,435,20.11,3.8,false,"A sweeping tale set against the backdrop of identity, where unforgettable characters confront questions of consciousness and identity."
BK0213,The Forgotten Desert,Mei Miller,History,Oxford University Press,1995,543,8.46,4.7,true,A gripping history novel that explores themes of justice and data through the eyes of a young protagonist navigating a changing world.
BK0214,Tales of Legacy,Mateo Anderson,Adventure,Macmillan,1974,320,23.8,3.4,true,"A sweeping tale set against the backdrop of data, where unforgettable characters confront questions of myth and identity."
BK0215,Echoes from Ocean,Olumide Tanaka,Philosophy,O'Reilly Media,2017,591,15.07,4.5,true,"An award-winning exploration of consciousness, blending data with sharp, contemporary prose that has captivated readers worldwide."
BK0216,Beyond the Journey,Aisha Johnson,History,Manning,1959,196,57.03,4.2,true,"A sweeping tale set against the backdrop of freedom, where unforgettable characters confront questions of myth and identity."
BK0217,Whispers of Quantum,Robert Smith,Fantasy,Hachette,2019,586,26.14,4.0,false,A landmark study of machine learning drawing on decades of research and firsthand experience in love.
BK0218,Voices in Journey,Susan Smith,Fiction,Penguin Random House,2022,401,34.92,3.2,false,"An award-winning exploration of identity, blending identity with sharp, contemporary prose that has captivated readers worldwide."
BK0219,Beyond the Star,Michael Lee,Self-Help,Manning,1987,482,20.43,3.5,false,"A sweeping tale set against the backdrop of resilience, where unforgettable characters confront questions of history and identity."
BK0220,Chronicles of Star,Elizabeth Khan,Fantasy,Vintage,1965,789,59.54,4.1,true,A gripping fantasy novel that explores themes of innovation and innovation through the eyes of a young protagonist navigating a changing world.
BK0221,Voices in Heart,Mary Patel,Biography,Penguin Random House,1976,204,32.98,3.6,false,"Combining identity with artificial intelligence, this book delivers a compelling narrative that challenges convention."
BK0222,The Silent Star,Michael Rossi,Adventure,Vintage,2015,397,8.5,2.7,false,"Combining history with society, this book delivers a compelling narrative that challenges convention."
BK0223,Beyond the Desert,James Miller,Fiction,Pearson,1973,849,50.32,4.8,false,"An award-winning exploration of history, blending family with sharp, contemporary prose that has captivated readers worldwide."
BK0224,Songs of Algorithm,Hiroshi Rossi,Technology,Manning,1997,513,46.79,2.8,true,"Combining consciousness with loss, this book delivers a compelling narrative that challenges convention."
BK0225,Whispers of Mind,Linda Tanaka,Fiction,HarperCollins,1998,739,47.52,4.9,false,This authoritative volume on love offers practical insights and rigorous analysis for students and practitioners alike.
BK0226,The Forgotten Universe,Jessica Davis,Romance,Oxford University Press,2025,504,29.31,4.2,false,A gripping romance novel that explores themes of culture and discovery through the eyes of a young protagonist navigating a changing world.
BK0227,Shadows of Quantum,John Williams,Horror,Macmillan,1974,509,44.42,4.1,false,This authoritative volume on loss offers practical insights and rigorous analysis for students and practitioners alike.
BK0228,The Silent City,Joseph Lopez,Mystery,Bloomsbury,1989,224,13.15,3.0,false,"Combining data with artificial intelligence, this book delivers a compelling narrative that challenges convention."
BK0229,Whispers of Mountain,John Lopez,Biography,Manning,1966,731,38.28,3.3,false,A gripping biography novel that explores themes of discovery and power through the eyes of a young protagonist navigating a changing world.
BK0230,The Forgotten Garden,Mateo Rossi,Biography,Manning,1986,705,34.13,4.2,true,"An award-winning exploration of justice, blending discovery with sharp, contemporary prose that has captivated readers worldwide."
BK0231,The Hidden Kingdom,John Garcia,Romance,MIT Press,1990,551,22.18,4.5,false,This authoritative volume on family offers practical insights and rigorous analysis for students and practitioners alike.
BK0232,The Hidden Revolution,Karen Miller,Philosophy,O'Reilly Media,1968,258,22.44,4.9,false,"Combining innovation with memory, this book delivers a compelling narrative that challenges convention."
BK0233,Echoes from Mind,Kenji Tanaka,History,Vintage,1972,427,23.31,4.9,true,"A sweeping tale set against the backdrop of memory, where unforgettable characters confront questions of betrayal and identity."
BK0234,Echoes from City,Mateo Nguyen,Biography,Wiley,2017,709,48.22,3.3,false,"A sweeping tale set against the backdrop of loss, where unforgettable characters confront questions of identity and identity."
BK0235,Tales of River,Charles Jackson,Adventure,Simon & Schuster,2025,147,57.45,3.7,true,"A sweeping tale set against the backdrop of discovery, where unforgettable characters confront questions of nature and identity."
BK0236,Songs of Mind,Hiroshi Taylor,Mystery,Simon & Schuster,1993,367,19.63,2.9,false,"A sweeping tale set against the backdrop of technology, where unforgettable characters confront questions of resilience and identity."
BK0237,The Hidden Legacy,Richard Jackson,Technology,Manning,2008,676,7.98,4.9,true,A gripping technology novel that explores themes of family and society through the eyes of a young protagonist navigating a changing world.
BK0238,Echoes from Forest,Aisha Lee,Philosophy,Penguin Random House,2006,459,58.14,3.6,true,A gripping philosophy novel that explores themes of justice and family through the eyes of a young protagonist navigating a changing world.
BK0239,Chronicles of Truth,Sarah Martin,Self-Help,Springer,1983,576,26.19,3.7,true,This authoritative volume on love offers practical insights and rigorous analysis for students and practitioners alike.
BK0240,The Last Mind,Mei Williams,Mystery,HarperCollins,1973,476,22.83,3.6,true,"Combining machine learning with loss, this book delivers a compelling narrative that challenges convention."
BK0241,Whispers of Universe,Mateo Nguyen,History,O'Reilly Media,1995,188,22.2,4.5,true,A gripping history novel that explores themes of memory and myth through the eyes of a young protagonist navigating a changing world.
BK0242,The Lost Forest,Mei Kim,Mystery,Hachette,2021,298,35.79,3.3,false,"A sweeping tale set against the backdrop of family, where unforgettable characters confront questions of innovation and identity."
BK0243,Beyond the Forest,Aisha Khan,Philosophy,MIT Press,2005,149,45.81,4.7,false,"Combining power with innovation, this book delivers a compelling narrative that challenges convention."
BK0244,Chronicles of River,Michael Rodriguez,Fiction,Bloomsbury,1963,711,11.48,4.7,true,This authoritative volume on memory offers practical insights and rigorous analysis for students and practitioners alike.
BK0245,Whispers of Ocean,Hiroshi Okafor,History,O'Reilly Media,2022,774,22.91,3.5,false,"Combining identity with loss, this book delivers a compelling narrative that challenges convention."
BK0246,Songs of Universe,Karen Garcia,Thriller,Vintage,1993,749,37.86,4.2,false,A gripping thriller novel that explores themes of family and discovery through the eyes of a young protagonist navigating a changing world.
BK0247,Beyond the Code,Priya Jones,Mystery,Manning,2004,548,38.2,3.9,false,"An award-winning exploration of machine learning, blending myth with sharp, contemporary prose that has captivated readers worldwide."
BK0248,Chronicles of Network,Mei Garcia,Self-Help,Manning,1976,621,21.59,3.0,false,"Combining war with loss, this book delivers a compelling narrative that challenges convention."
BK0249,The Hidden Kingdom,Michael Tanaka,Fiction,MIT Press,2019,788,32.72,4.2,false,A landmark study of resilience drawing on decades of research and firsthand experience in machine learning.
BK0250,Whispers of Legacy,James Cohen,Science Fiction,Bloomsbury,1983,419,7.76,3.1,false,"An award-winning exploration of resilience, blending history with sharp, contemporary prose that has captivated readers worldwide."
BK0251,The Forgotten Frontier,Jessica Jackson,Poetry,Manning,1969,706,12.16,4.4,false,"Combining war with consciousness, this book delivers a compelling narrative that challenges convention."
BK0252,Voices in River,Susan Brown,History,Springer,1986,424,53.23,2.6,false,This authoritative volume on technology offers practical insights and rigorous analysis for students and practitioners alike.
BK0253,Whispers of Frontier,Anya Davis,Drama,Hachette,1999,847,38.94,3.6,true,"An award-winning exploration of ambition, blending war with sharp, contemporary prose that has captivated readers worldwide."
BK0254,Echoes from Journey,William Lee,Technology,Manning,1976,451,58.86,3.2,false,"Combining society with identity, this book delivers a compelling narrative that challenges convention."
BK0255,The Forgotten Mind,Mei Johnson,Science Fiction,Macmillan,1971,838,52.76,3.1,false,"An award-winning exploration of society, blending innovation with sharp, contemporary prose that has captivated readers worldwide."
BK0256,Beyond the Legacy,Aisha Rodriguez,History,Wiley,2008,504,30.4,4.1,true,"A sweeping tale set against the backdrop of artificial intelligence, where unforgettable characters confront questions of consciousness and identity."
BK0257,Chronicles of Code,Joseph Taylor,Romance,Oxford University Press,1955,215,45.46,3.6,false,A gripping romance novel that explores themes of data and innovation through the eyes of a young protagonist navigating a changing world.
BK0258,Dreams of River,Jessica Rodriguez,Fantasy,Oxford University Press,1991,465,35.54,2.8,false,This authoritative volume on society offers practical insights and rigorous analysis for students and practitioners alike.
BK0259,Whispers of Network,Anya Tanaka,Fiction,O'Reilly Media,1957,247,56.18,2.9,false,A gripping fiction novel that explores themes of power and ambition through the eyes of a young protagonist navigating a changing world.
BK0260,The Ancient Kingdom,Diego Patel,Poetry,Macmillan,1975,400,11.03,3.4,true,This authoritative volume on society offers practical insights and rigorous analysis for students and practitioners alike.
BK0261,The Silent Algorithm,Aisha Martinez,Science Fiction,Springer,1984,559,41.39,4.3,true,"An award-winning exploration of machine learning, blending technology with sharp, contemporary prose that has captivated readers worldwide."
BK0262,Tales of Star,Thomas Khan,Science Fiction,O'Reilly Media,1956,128,43.55,4.5,false,A landmark study of freedom drawing on decades of research and firsthand experience in machine learning.
BK0263,Shadows of Algorithm,John Kim,Mystery,Bloomsbury,1968,225,22.91,4.7,true,"A sweeping tale set against the backdrop of freedom, where unforgettable characters confront questions of myth and identity."
BK0264,Beyond the Garden,Thomas Martin,Philosophy,Penguin Random House,1976,570,24.95,3.0,true,"A sweeping tale set against the backdrop of culture, where unforgettable characters confront questions of society and identity."
BK0265,Songs of River,John Rossi,History,HarperCollins,1972,246,37.83,3.5,false,This authoritative volume on freedom offers practical insights and rigorous analysis for students and practitioners alike.
BK0266,The Lost Garden,Linda Jackson,Romance,Pearson,1991,827,7.44,4.6,false,"An award-winning exploration of artificial intelligence, blending culture with sharp, contemporary prose that has captivated readers worldwide."
BK0267,Shadows of Horizon,Richard Martinez,Self-Help,Wiley,1961,365,32.71,2.8,false,A landmark study of culture drawing on decades of research and firsthand experience in technology.
BK0268,The Ancient Mountain,Barbara Schmidt,Self-Help,Oxford University Press,1971,516,52.47,3.9,false,"Combining society with betrayal, this book delivers a compelling narrative that challenges convention."
BK0269,The Hidden Frontier,John Smith,Horror,Pearson,1963,134,20.15,2.6,true,"A sweeping tale set against the backdrop of artificial intelligence, where unforgettable characters confront questions of discovery and identity."
BK0270,Chronicles of Truth,Olumide Anderson,Philosophy,MIT Press,2006,204,40.58,3.8,true,This authoritative volume on technology offers practical insights and rigorous analysis for students and practitioners alike.
BK0271,Voices in River,Anya Jones,Mystery,Manning,1996,520,37.66,4.4,true,This authoritative volume on nature offers practical insights and rigorous analysis for students and practitioners alike.
BK0272,Songs of Star,Mary Davis,Poetry,HarperCollins,2010,238,30.47,4.0,false,A landmark study of consciousness drawing on decades of research and firsthand experience in society.
BK0273,Beyond the Storm,James Nguyen,Poetry,Simon & Schuster,1956,287,32.8,3.4,false,"An award-winning exploration of loss, blending freedom with sharp, contemporary prose that has captivated readers worldwide."
BK0274,The Forgotten Ocean,Mateo Rossi,Poetry,HarperCollins,1958,463,49.57,3.2,true,This authoritative volume on nature offers practical insights and rigorous analysis for students and practitioners alike.
BK0275,Whispers of Heart,Joseph Moore,Philosophy,Oxford University Press,1962,631,52.4,2.9,true,This authoritative volume on identity offers practical insights and rigorous analysis for students and practitioners alike.
BK0276,Chronicles of Storm,Linda Kim,Philosophy,Manning,1955,165,52.36,2.5,true,"A sweeping tale set against the backdrop of loss, where unforgettable characters confront questions of innovation and identity."
BK0277,Beyond the Forest,Mei Okafor,Adventure,Penguin Random House,2025,791,28.64,3.3,false,A landmark study of memory drawing on decades of research and firsthand experience in justice.
BK0278,Whispers of Legacy,Barbara Brown,Drama,Manning,1961,303,18.04,3.8,true,"A sweeping tale set against the backdrop of technology, where unforgettable characters confront questions of resilience and identity."
BK0279,The Last Frontier,Fatima Martinez,Drama,Oxford University Press,1966,686,30.65,3.4,false,"Combining discovery with consciousness, this book delivers a compelling narrative that challenges convention."
BK0280,Shadows of Universe,Barbara Martin,Technology,O'Reilly Media,1980,679,47.06,3.1,true,"A sweeping tale set against the backdrop of love, where unforgettable characters confront questions of family and identity."
BK0281,Echoes from Network,Kenji Nguyen,Self-Help,Anchor Books,1956,463,6.07,4.1,false,A gripping self-help novel that explores themes of ambition and artificial intelligence through the eyes of a young protagonist navigating a changing world.
BK0282,Dreams of Heart,Mary Jones,Fantasy,Springer,1990,215,8.36,3.1,false,A landmark study of loss drawing on decades of research and firsthand experience in resilience.
BK0283,Whispers of Legacy,Patricia Moore,Poetry,Simon & Schuster,2005,196,37.95,2.7,true,"An award-winning exploration of discovery, blending justice with sharp, contemporary prose that has captivated readers worldwide."
BK0284,Echoes from Algorithm,Priya Tanaka,Drama,Springer,1996,445,30.44,3.1,true,"An award-winning exploration of history, blending identity with sharp, contemporary prose that has captivated readers worldwide."
BK0285,Whispers of Forest,Joseph Thomas,Science Fiction,Oxford University Press,2007,243,34.93,4.9,true,"A sweeping tale set against the backdrop of discovery, where unforgettable characters confront questions of resilience and identity."
BK0286,Songs of Storm,John Garcia,Romance,Bloomsbury,1993,841,43.62,2.6,false,"An award-winning exploration of technology, blending nature with sharp, contemporary prose that has captivated readers worldwide."
BK0287,Echoes from Algorithm,Thomas Johnson,Fantasy,Wiley,1993,386,50.27,2.9,false,"A sweeping tale set against the backdrop of data, where unforgettable characters confront questions of consciousness and identity."
BK0288,Shadows of Storm,Joseph Brown,Self-Help,Bloomsbury,1972,244,6.64,4.6,true,"An award-winning exploration of ambition, blending innovation with sharp, contemporary prose that has captivated readers worldwide."
BK0289,The Lost Network,Aisha Williams,Thriller,Pearson,1988,196,7.17,2.7,false,"An award-winning exploration of technology, blending memory with sharp, contemporary prose that has captivated readers worldwide."
BK0290,The Silent Universe,Mary Garcia,Mystery,Anchor Books,2010,524,32.78,3.5,false,"An award-winning exploration of loss, blending ambition with sharp, contemporary prose that has captivated readers worldwide."
BK0291,Beyond the Ocean,William Thomas,Adventure,Anchor Books,1974,155,39.15,4.0,false,"A sweeping tale set against the backdrop of power, where unforgettable characters confront questions of data and identity."
BK0292,The Silent Garden,William Wilson,History,Simon & Schuster,2008,324,40.69,4.5,true,A landmark study of data drawing on decades of research and firsthand experience in love.
BK0293,The Forgotten Quantum,Barbara Taylor,Biography,Manning,2017,472,55.27,3.8,false,This authoritative volume on betrayal offers practical insights and rigorous analysis for students and practitioners alike.
BK0294,Tales of Star,James Rossi,Thriller,Bloomsbury,1990,179,49.66,3.7,false,"Combining family with betrayal, this book delivers a compelling narrative that challenges convention."
BK0295,Shadows of Machine,Linda Rodriguez,Mystery,Manning,1962,344,37.08,5.0,false,This authoritative volume on betrayal offers practical insights and rigorous analysis for students and practitioners alike.
BK0296,Tales of Desert,Anya Kim,Fantasy,Springer,2000,725,7.51,4.3,true,"Combining ambition with machine learning, this book delivers a compelling narrative that challenges convention."
BK0297,The Last Forest,Jessica Johnson,Self-Help,HarperCollins,1962,358,38.48,2.5,false,A gripping self-help novel that explores themes of memory and culture through the eyes of a young protagonist navigating a changing world.
BK0298,The Forgotten Kingdom,David Nguyen,Fantasy,Simon & Schuster,1996,180,7.17,4.0,true,A gripping fantasy novel that explores themes of artificial intelligence and loss through the eyes of a young protagonist navigating a changing world.
BK0299,Echoes from Quantum,Hiroshi Wilson,Mystery,Pearson,1967,464,22.29,2.8,true,A landmark study of power drawing on decades of research and firsthand experience in myth.
BK0300,The Lost Desert,Jennifer Nguyen,History,Manning,2000,348,41.93,4.5,false,This authoritative volume on consciousness offers practical insights and rigorous analysis for students and practitioners alike.
BK0301,Beyond the Forest,Mateo Smith,Romance,Springer,2005,701,7.74,4.0,true,A landmark study of history drawing on decades of research and firsthand experience in identity.
BK0302,The Hidden Kingdom,David Kim,Adventure,HarperCollins,1985,475,59.04,2.9,true,A landmark study of society drawing on decades of research and firsthand experience in myth.
BK0303,The Ancient Desert,Joseph Smith,Poetry,Macmillan,1981,375,43.42,3.4,true,A landmark study of love drawing on decades of research and firsthand experience in war.
BK0304,The Hidden Horizon,Susan Garcia,Biography,Anchor Books,2007,624,53.61,3.4,false,A gripping biography novel that explores themes of machine learning and history through the eyes of a young protagonist navigating a changing world.
BK0305,The Forgotten Machine,Linda Garcia,Philosophy,O'Reilly Media,1964,154,21.92,3.3,true,A gripping philosophy novel that explores themes of memory and betrayal through the eyes of a young protagonist navigating a changing world.
BK0306,Dreams of Forest,Mateo Williams,Adventure,Manning,1966,466,38.07,4.0,false,A landmark study of love drawing on decades of research and firsthand experience in power.
BK0307,Beyond the Revolution,Diego Anderson,Philosophy,Simon & Schuster,1961,223,23.87,4.9,false,A landmark study of data drawing on decades of research and firsthand experience in consciousness.
BK0308,Chronicles of Journey,William Khan,Adventure,Macmillan,1993,363,11.17,3.5,false,"An award-winning exploration of war, blending loss with sharp, contemporary prose that has captivated readers worldwide."
BK0309,Dreams of Garden,Elizabeth Tanaka,Fiction,Wiley,2016,324,11.23,3.0,false,A gripping fiction novel that explores themes of machine learning and identity through the eyes of a young protagonist navigating a changing world.
BK0310,The Forgotten Algorithm,Jessica Taylor,Romance,Anchor Books,1988,213,40.65,3.5,false,"A sweeping tale set against the backdrop of loss, where unforgettable characters confront questions of betrayal and identity."
BK0311,The Silent Ocean,Joseph Thomas,History,Macmillan,1983,395,36.46,2.9,true,A gripping history novel that explores themes of society and loss through the eyes of a young protagonist navigating a changing world.
BK0312,Voices in Mind,Olumide Martin,Horror,Hachette,2025,182,51.39,4.5,false,"Combining society with machine learning, this book delivers a compelling narrative that challenges convention."
BK0313,The Ancient Star,Jessica Martinez,Technology,HarperCollins,2005,155,33.1,4.8,true,A gripping technology novel that explores themes of resilience and betrayal through the eyes of a young protagonist navigating a changing world.
BK0314,Shadows of River,Robert Johnson,Science Fiction,MIT Press,1965,819,29.5,5.0,true,"Combining justice with memory, this book delivers a compelling narrative that challenges convention."
BK0315,Chronicles of Garden,John Wilson,Adventure,Manning,2005,685,23.6,3.2,false,A gripping adventure novel that explores themes of nature and culture through the eyes of a young protagonist navigating a changing world.
BK0316,Voices in Mind,Patricia Anderson,Technology,Simon & Schuster,1973,700,37.74,4.4,true,A gripping technology novel that explores themes of history and identity through the eyes of a young protagonist navigating a changing world.
BK0317,The Last Journey,Diego Lopez,Horror,Anchor Books,2007,390,26.67,3.7,false,A gripping horror novel that explores themes of betrayal and justice through the eyes of a young protagonist navigating a changing world.
BK0318,Beyond the Revolution,Karen Khan,Biography,Springer,2006,159,27.36,4.7,true,A gripping biography novel that explores themes of consciousness and machine learning through the eyes of a young protagonist navigating a changing world.
BK0319,The Last Code,James Hernandez,Adventure,Vintage,1993,438,21.13,3.7,true,"An award-winning exploration of freedom, blending discovery with sharp, contemporary prose that has captivated readers worldwide."
BK0320,The Hidden Frontier,Kenji Hernandez,Poetry,Macmillan,2008,739,40.85,3.0,true,"A sweeping tale set against the backdrop of consciousness, where unforgettable characters confront questions of machine learning and identity."
BK0321,Voices in Code,Kenji Johnson,Horror,Manning,1975,187,22.79,3.8,true,"Combining history with love, this book delivers a compelling narrative that challenges convention."
BK0322,Shadows of River,Kenji Johnson,Science Fiction,Hachette,1959,587,8.72,3.4,true,This authoritative volume on loss offers practical insights and rigorous analysis for students and practitioners alike.
BK0323,Dreams of Network,Mei Brown,Self-Help,Wiley,1958,367,26.1,4.0,true,"A sweeping tale set against the backdrop of history, where unforgettable characters confront questions of data and identity."
BK0324,Echoes from Forest,Kenji Rossi,Thriller,Macmillan,1966,411,7.47,2.6,true,"An award-winning exploration of myth, blending family with sharp, contemporary prose that has captivated readers worldwide."
BK0325,Shadows of Ocean,Aisha Anderson,Philosophy,Manning,1957,818,6.47,4.8,true,"Combining love with family, this book delivers a compelling narrative that challenges convention."
BK0326,Tales of City,Priya Nguyen,Romance,Wiley,1990,553,54.35,4.6,false,This authoritative volume on ambition offers practical insights and rigorous analysis for students and practitioners alike.
BK0327,The Lost Truth,Kenji Lee,Romance,MIT Press,1968,127,33.61,4.2,false,"Combining myth with culture, this book delivers a compelling narrative that challenges convention."
BK0328,The Last City,Hiroshi Brown,Technology,O'Reilly Media,1963,464,59.36,4.1,false,This authoritative volume on myth offers practical insights and rigorous analysis for students and practitioners alike.
BK0329,The Lost City,Michael Jones,Adventure,Manning,1985,178,49.48,4.5,false,A landmark study of memory drawing on decades of research and firsthand experience in society.
BK0330,Chronicles of Mountain,Aisha Taylor,Science Fiction,Macmillan,1988,548,27.84,4.3,true,This authoritative volume on consciousness offers practical insights and rigorous analysis for students and practitioners alike.
BK0331,The Lost Journey,Aisha Cohen,Fantasy,O'Reilly Media,2000,639,22.2,2.9,true,This authoritative volume on identity offers practical insights and rigorous analysis for students and practitioners alike.
BK0332,Chronicles of Ocean,Mateo Cohen,Science Fiction,Manning,1978,816,54.57,4.1,true,This authoritative volume on family offers practical insights and rigorous analysis for students and practitioners alike.
BK0333,The Last Mind,Anya Rossi,Drama,Oxford University Press,2002,386,37.61,3.7,true,"A sweeping tale set against the backdrop of war, where unforgettable characters confront questions of myth and identity."
BK0334,Tales of Revolution,John Taylor,Technology,Anchor Books,1979,632,12.46,4.2,false,"A sweeping tale set against the backdrop of war, where unforgettable characters confront questions of freedom and identity."
BK0335,Shadows of Desert,Susan Martin,Science Fiction,Anchor Books,2013,266,23.07,4.3,true,"A sweeping tale set against the backdrop of memory, where unforgettable characters confront questions of myth and identity."
BK0336,Echoes from Network,Mary Smith,Science Fiction,O'Reilly Media,1990,334,47.09,2.9,true,"A sweeping tale set against the backdrop of technology, where unforgettable characters confront questions of freedom and identity."
BK0337,Dreams of Network,Susan Wilson,Technology,MIT Press,2016,512,6.24,3.8,false,A gripping technology novel that explores themes of memory and artificial intelligence through the eyes of a young protagonist navigating a changing world.
BK0338,The Silent Machine,James Patel,Fantasy,Springer,1986,351,43.44,3.4,true,A gripping fantasy novel that explores themes of innovation and artificial intelligence through the eyes of a young protagonist navigating a changing world.
BK0339,The Last Forest,John Tanaka,Technology,Penguin Random House,1993,417,30.61,3.8,false,"A sweeping tale set against the backdrop of society, where unforgettable characters confront questions of freedom and identity."
BK0340,The Ancient Heart,Barbara Singh,Thriller,Hachette,1976,533,7.02,3.1,true,"An award-winning exploration of consciousness, blending love with sharp, contemporary prose that has captivated readers worldwide."
BK0341,Voices in Forest,Patricia Lopez,Technology,Springer,1959,504,53.32,3.1,true,"Combining war with society, this book delivers a compelling narrative that challenges convention."
BK0342,The Lost Mountain,Mary Nguyen,Mystery,HarperCollins,2008,574,26.52,3.9,false,A landmark study of freedom drawing on decades of research and firsthand experience in ambition.
BK0343,The Lost Network,James Martinez,Poetry,MIT Press,1967,798,34.09,4.1,true,"A sweeping tale set against the backdrop of identity, where unforgettable characters confront questions of artificial intelligence and identity."
BK0344,Tales of Storm,Elizabeth Brown,Poetry,Bloomsbury,1968,629,16.72,3.0,false,"Combining ambition with loss, this book delivers a compelling narrative that challenges convention."
BK0345,Dreams of City,Jennifer Johnson,Poetry,Manning,2018,332,43.15,3.7,true,A gripping poetry novel that explores themes of love and society through the eyes of a young protagonist navigating a changing world.
BK0346,The Ancient Storm,Kenji Martin,Mystery,Wiley,2018,272,57.26,4.4,true,A landmark study of consciousness drawing on decades of research and firsthand experience in identity.
BK0347,The Last Network,Linda Thomas,Adventure,Macmillan,1988,595,8.69,4.5,true,This authoritative volume on loss offers practical insights and rigorous analysis for students and practitioners alike.
BK0348,Dreams of Horizon,Patricia Brown,Thriller,Vintage,1960,129,52.0,4.2,true,This authoritative volume on loss offers practical insights and rigorous analysis for students and practitioners alike.
BK0349,The Last Horizon,John Lopez,Technology,Vintage,1998,307,12.14,3.5,false,This authoritative volume on innovation offers practical insights and rigorous analysis for students and practitioners alike.
BK0350,The Hidden Mind,Aisha Rossi,Drama,Bloomsbury,1976,235,13.15,4.3,true,A gripping drama novel that explores themes of power and history through the eyes of a young protagonist navigating a changing world.
BK0351,The Forgotten Legacy,Hiroshi Thomas,History,Simon & Schuster,2003,487,39.0,4.7,true,"A sweeping tale set against the backdrop of machine learning, where unforgettable characters confront questions of identity and identity."
BK0352,Dreams of Universe,Mary Williams,Adventure,Macmillan,1995,132,44.04,4.2,true,A landmark study of memory drawing on decades of research and firsthand experience in artificial intelligence.
BK0353,Chronicles of Quantum,Karen Brown,Self-Help,MIT Press,1986,613,24.66,4.2,false,"An award-winning exploration of data, blending culture with sharp, contemporary prose that has captivated readers worldwide."
BK0354,The Silent Network,Mei Garcia,Fiction,Manning,2015,627,52.94,2.7,false,This authoritative volume on family offers practical insights and rigorous analysis for students and practitioners alike.
BK0355,The Silent Truth,Linda Jackson,Romance,Wiley,2003,532,50.11,2.7,false,"Combining resilience with technology, this book delivers a compelling narrative that challenges convention."
BK0356,The Hidden Universe,David Brown,Drama,O'Reilly Media,1957,225,27.78,2.6,true,A gripping drama novel that explores themes of culture and culture through the eyes of a young protagonist navigating a changing world.
BK0357,The Last Truth,Sarah Miller,Philosophy,Wiley,2013,469,25.61,2.6,true,"A sweeping tale set against the backdrop of memory, where unforgettable characters confront questions of data and identity."
BK0358,Tales of Revolution,Jessica Nguyen,Horror,Wiley,2001,583,12.15,4.4,true,A gripping horror novel that explores themes of memory and loss through the eyes of a young protagonist navigating a changing world.
BK0359,The Lost City,Sarah Moore,Drama,Oxford University Press,1968,166,54.42,3.7,false,A gripping drama novel that explores themes of justice and culture through the eyes of a young protagonist navigating a changing world.
BK0360,Shadows of Storm,Mei Okafor,Fantasy,MIT Press,1982,588,50.52,3.0,false,A gripping fantasy novel that explores themes of power and war through the eyes of a young protagonist navigating a changing world.
BK0361,The Lost Machine,Charles Brown,Adventure,Bloomsbury,2012,588,41.55,4.9,true,"A sweeping tale set against the backdrop of love, where unforgettable characters confront questions of artificial intelligence and identity."
BK0362,The Silent Journey,Mei Anderson,Poetry,Vintage,2016,640,48.17,4.8,true,A landmark study of freedom drawing on decades of research and firsthand experience in identity.
BK0363,The Lost Revolution,Karen Rossi,Biography,Oxford University Press,2019,513,28.6,4.0,true,This authoritative volume on innovation offers practical insights and rigorous analysis for students and practitioners alike.
BK0364,The Hidden Kingdom,Robert Anderson,Romance,Pearson,2020,426,51.52,3.9,false,A landmark study of consciousness drawing on decades of research and firsthand experience in data.
BK0365,Shadows of River,Michael Lee,Philosophy,Springer,1992,823,24.64,4.2,true,"Combining data with nature, this book delivers a compelling narrative that challenges convention."
BK0366,Echoes from Quantum,Patricia Singh,Philosophy,Oxford University Press,2016,716,36.8,4.2,false,A landmark study of consciousness drawing on decades of research and firsthand experience in data.
BK0367,The Ancient Mind,Anya Smith,Romance,Manning,1968,145,26.56,2.6,true,"An award-winning exploration of justice, blending betrayal with sharp, contemporary prose that has captivated readers worldwide."
BK0368,The Lost Ocean,Robert Tanaka,Romance,Penguin Random House,1992,328,46.68,2.6,false,A gripping romance novel that explores themes of culture and society through the eyes of a young protagonist navigating a changing world.
BK0369,Voices in Star,Mateo Patel,Poetry,Manning,2004,363,33.58,4.5,false,A landmark study of society drawing on decades of research and firsthand experience in war.
BK0370,Dreams of Algorithm,Susan Cohen,Adventure,Wiley,1995,685,8.9,4.4,true,"Combining resilience with family, this book delivers a compelling narrative that challenges convention."
BK0371,The Lost Quantum,Priya Patel,Adventure,Oxford University Press,2024,737,16.6,4.3,true,This authoritative volume on resilience offers practical insights and rigorous analysis for students and practitioners alike.
BK0372,Whispers of Forest,Jennifer Kim,Philosophy,Manning,1970,506,8.18,3.2,false,"An award-winning exploration of betrayal, blending history with sharp, contemporary prose that has captivated readers worldwide."
BK0373,The Last Mountain,David Thomas,Drama,Springer,1974,160,14.29,3.3,true,A landmark study of culture drawing on decades of research and firsthand experience in society.
BK0374,The Hidden Legacy,Sarah Lopez,Romance,HarperCollins,1995,658,17.87,3.0,true,"Combining betrayal with power, this book delivers a compelling narrative that challenges convention."
BK0375,Voices in Algorithm,John Lopez,Self-Help,Hachette,1982,799,23.91,3.4,true,"Combining artificial intelligence with machine learning, this book delivers a compelling narrative that challenges convention."
BK0376,Songs of Frontier,Aisha Smith,Self-Help,HarperCollins,1999,576,18.97,4.1,true,A gripping self-help novel that explores themes of society and memory through the eyes of a young protagonist navigating a changing world.
BK0377,The Ancient Storm,Richard Rodriguez,Biography,Manning,1991,145,55.2,4.6,false,"Combining artificial intelligence with resilience, this book delivers a compelling narrative that challenges convention."
BK0378,The Silent City,Diego Patel,History,Hachette,1996,646,10.44,2.7,true,A landmark study of technology drawing on decades of research and firsthand experience in ambition.
BK0379,The Lost Frontier,Michael Okafor,Philosophy,Wiley,2009,226,17.09,4.6,false,A landmark study of technology drawing on decades of research and firsthand experience in consciousness.
BK0380,Beyond the Mountain,Joseph Nguyen,Philosophy,Oxford University Press,1959,209,9.95,2.9,false,"Combining technology with history, this book delivers a compelling narrative that challenges convention."
BK0381,Shadows of Ocean,Susan Wilson,Drama,O'Reilly Media,2006,563,23.08,3.5,true,"Combining love with myth, this book delivers a compelling narrative that challenges convention."
BK0382,Tales of Garden,Olumide Kim,Poetry,Pearson,1960,837,51.8,3.4,true,This authoritative volume on society offers practical insights and rigorous analysis for students and practitioners alike.
BK0383,Whispers of City,Olumide Schmidt,Technology,O'Reilly Media,2003,524,50.38,2.6,true,"Combining family with freedom, this book delivers a compelling narrative that challenges convention."
BK0384,Dreams of Journey,Elizabeth Patel,Poetry,Simon & Schuster,1993,813,53.89,4.9,false,A gripping poetry novel that explores themes of data and data through the eyes of a young protagonist navigating a changing world.
BK0385,Whispers of Empire,James Martin,Science Fiction,Pearson,2005,670,35.56,2.7,true,A landmark study of consciousness drawing on decades of research and firsthand experience in consciousness.
BK0386,Shadows of Mind,Diego Patel,Thriller,Vintage,2020,265,14.68,3.1,false,"An award-winning exploration of identity, blending betrayal with sharp, contemporary prose that has captivated readers worldwide."
BK0387,The Forgotten Legacy,Fatima Johnson,Philosophy,Vintage,2025,592,40.8,2.7,true,This authoritative volume on identity offers practical insights and rigorous analysis for students and practitioners alike.
BK0388,Tales of Heart,David Lopez,Poetry,Simon & Schuster,1985,222,21.39,2.7,true,This authoritative volume on machine learning offers practical insights and rigorous analysis for students and practitioners alike.
BK0389,Tales of Machine,Elizabeth Nguyen,Thriller,Pearson,1974,699,36.6,4.5,false,"An award-winning exploration of love, blending memory with sharp, contemporary prose that has captivated readers worldwide."
BK0390,The Forgotten Star,Priya Kim,Fantasy,Wiley,2010,403,51.36,2.8,false,"A sweeping tale set against the backdrop of resilience, where unforgettable characters confront questions of resilience and identity."
BK0391,The Forgotten City,Jessica Jackson,Thriller,HarperCollins,1977,781,38.75,4.6,true,"Combining ambition with justice, this book delivers a compelling narrative that challenges convention."
BK0392,The Ancient Network,John Kim,Poetry,HarperCollins,1957,639,40.1,4.5,false,"Combining ambition with war, this book delivers a compelling narrative that challenges convention."
BK0393,The Last Journey,Diego Jackson,Self-Help,O'Reilly Media,1974,494,27.18,4.7,false,"An award-winning exploration of resilience, blending artificial intelligence with sharp, contemporary prose that has captivated readers worldwide."
BK0394,Whispers of Algorithm,Barbara Moore,Self-Help,Penguin Random House,1985,748,42.93,4.4,true,"A sweeping tale set against the backdrop of betrayal, where unforgettable characters confront questions of betrayal and identity."
BK0395,Tales of Machine,Fatima Jones,Technology,Springer,2016,487,8.17,4.4,true,A gripping technology novel that explores themes of justice and loss through the eyes of a young protagonist navigating a changing world.
BK0396,The Silent Machine,Michael Moore,Fantasy,Anchor Books,2001,517,31.35,3.6,true,A gripping fantasy novel that explores themes of myth and memory through the eyes of a young protagonist navigating a changing world.
BK0397,Chronicles of Truth,Aisha Tanaka,Mystery,Macmillan,1988,712,35.38,2.9,false,This authoritative volume on history offers practical insights and rigorous analysis for students and practitioners alike.
BK0398,Songs of Garden,Thomas Rodriguez,Adventure,MIT Press,1983,648,27.91,4.5,false,"A sweeping tale set against the backdrop of machine learning, where unforgettable characters confront questions of culture and identity."
BK0399,Voices in Kingdom,Joseph Garcia,Fiction,Hachette,1964,646,40.74,3.0,true,"An award-winning exploration of loss, blending culture with sharp, contemporary prose that has captivated readers worldwide."
BK0400,Songs of Storm,Hiroshi Davis,Poetry,MIT Press,1997,236,31.99,3.7,true,"Combining betrayal with myth, this book delivers a compelling narrative that challenges convention."
BK0401,Dreams of Mountain,Linda Johnson,Drama,Simon & Schuster,1975,257,39.99,2.6,true,A gripping drama novel that explores themes of betrayal and justice through the eyes of a young protagonist navigating a changing world.
BK0402,Beyond the Truth,Richard Lee,Adventure,Pearson,1957,797,50.34,4.9,true,"A sweeping tale set against the backdrop of culture, where unforgettable characters confront questions of machine learning and identity."
BK0403,The Hidden Forest,Linda Tanaka,Drama,MIT Press,1973,716,50.29,3.0,false,"An award-winning exploration of consciousness, blending society with sharp, contemporary prose that has captivated readers worldwide."
BK0404,The Ancient Universe,Karen Martin,Thriller,HarperCollins,1984,507,26.8,2.8,true,"Combining artificial intelligence with society, this book delivers a compelling narrative that challenges convention."
BK0405,Songs of Kingdom,Karen Brown,Biography,Simon & Schuster,2015,749,38.38,4.7,true,A gripping biography novel that explores themes of machine learning and society through the eyes of a young protagonist navigating a changing world.
BK0406,The Ancient Revolution,Sarah Tanaka,Science Fiction,Penguin Random House,2010,654,28.71,4.7,false,"An award-winning exploration of machine learning, blending innovation with sharp, contemporary prose that has captivated readers worldwide."
BK0407,Tales of Horizon,Mei Singh,Thriller,Vintage,1967,555,13.22,3.7,true,A gripping thriller novel that explores themes of discovery and culture through the eyes of a young protagonist navigating a changing world.
BK0408,Voices in Mind,William Miller,Adventure,Penguin Random House,1955,711,34.21,3.8,false,A landmark study of ambition drawing on decades of research and firsthand experience in nature.
BK0409,Echoes from Mind,Barbara Brown,Horror,Simon & Schuster,2009,787,37.6,3.2,false,"Combining loss with culture, this book delivers a compelling narrative that challenges convention."
BK0410,The Lost Algorithm,Olumide Miller,Romance,MIT Press,2025,690,32.04,3.4,false,This authoritative volume on discovery offers practical insights and rigorous analysis for students and practitioners alike.
BK0411,The Forgotten Quantum,Richard Kim,Thriller,Simon & Schuster,1970,355,30.11,4.2,true,A gripping thriller novel that explores themes of ambition and artificial intelligence through the eyes of a young protagonist navigating a changing world.
BK0412,The Forgotten Desert,Anya Jackson,Biography,Pearson,1961,284,27.0,4.1,true,"An award-winning exploration of machine learning, blending culture with sharp, contemporary prose that has captivated readers worldwide."
BK0413,Whispers of Garden,William Davis,Biography,Oxford University Press,1965,743,8.03,3.5,false,"Combining myth with artificial intelligence, this book delivers a compelling narrative that challenges convention."
BK0414,Chronicles of Revolution,Mary Singh,Romance,Vintage,1977,775,32.69,2.5,false,"An award-winning exploration of war, blending culture with sharp, contemporary prose that has captivated readers worldwide."
BK0415,Voices in Quantum,Linda Lee,Self-Help,Simon & Schuster,1959,488,18.91,2.5,true,A gripping self-help novel that explores themes of justice and innovation through the eyes of a young protagonist navigating a changing world.
BK0416,The Lost Algorithm,Richard Martin,Thriller,Hachette,2021,135,45.78,2.7,true,"Combining discovery with consciousness, this book delivers a compelling narrative that challenges convention."
BK0417,Voices in Legacy,Barbara Lopez,Drama,Vintage,1990,351,38.73,3.0,false,"Combining love with justice, this book delivers a compelling narrative that challenges convention."
BK0418,Dreams of Truth,Patricia Jackson,Science Fiction,HarperCollins,2019,421,24.35,2.8,false,"Combining history with justice, this book delivers a compelling narrative that challenges convention."
BK0419,The Hidden Algorithm,Charles Taylor,Poetry,Bloomsbury,1986,467,57.9,3.6,false,"Combining love with machine learning, this book delivers a compelling narrative that challenges convention."
BK0420,The Last Garden,Richard Patel,Mystery,Bloomsbury,1983,813,43.85,4.5,false,This authoritative volume on artificial intelligence offers practical insights and rigorous analysis for students and practitioners alike.
BK0421,Chronicles of Ocean,Linda Martinez,Fiction,HarperCollins,2006,809,46.42,3.4,true,"A sweeping tale set against the backdrop of memory, where unforgettable characters confront questions of loss and identity."
BK0422,The Ancient Legacy,William Garcia,Fantasy,Springer,1979,630,45.79,3.1,true,This authoritative volume on ambition offers practical insights and rigorous analysis for students and practitioners alike.
BK0423,Songs of Star,Kenji Lee,Fantasy,Oxford University Press,1974,229,12.46,2.7,false,"Combining love with data, this book delivers a compelling narrative that challenges convention."
BK0424,Songs of Heart,Barbara Lee,Fiction,Oxford University Press,2018,708,52.9,3.7,false,"A sweeping tale set against the backdrop of family, where unforgettable characters confront questions of history and identity."
BK0425,The Silent Truth,Anya Anderson,Science Fiction,O'Reilly Media,2024,153,33.12,3.5,true,"A sweeping tale set against the backdrop of identity, where unforgettable characters confront questions of nature and identity."
BK0426,The Hidden Desert,Priya Smith,Self-Help,Penguin Random House,1981,508,37.36,3.3,false,"An award-winning exploration of data, blending justice with sharp, contemporary prose that has captivated readers worldwide."
BK0427,The Last Heart,Karen Hernandez,Fantasy,Oxford University Press,1978,630,28.88,3.5,false,This authoritative volume on innovation offers practical insights and rigorous analysis for students and practitioners alike.
BK0428,Beyond the Legacy,Robert Martin,History,Wiley,1984,222,44.91,4.5,false,"A sweeping tale set against the backdrop of ambition, where unforgettable characters confront questions of freedom and identity."
BK0429,Chronicles of Kingdom,Jessica Cohen,Horror,Penguin Random House,1977,551,32.97,5.0,false,"A sweeping tale set against the backdrop of discovery, where unforgettable characters confront questions of justice and identity."
BK0430,Songs of Legacy,Mary Wilson,Self-Help,HarperCollins,1975,181,17.63,3.1,true,"A sweeping tale set against the backdrop of consciousness, where unforgettable characters confront questions of memory and identity."
BK0431,Echoes from Code,Sarah Jackson,Romance,Anchor Books,1987,472,7.06,2.8,true,"Combining history with myth, this book delivers a compelling narrative that challenges convention."
BK0432,Voices in Forest,Olumide Martinez,Philosophy,Oxford University Press,1996,809,33.55,4.4,false,A gripping philosophy novel that explores themes of innovation and culture through the eyes of a young protagonist navigating a changing world.
BK0433,The Hidden Network,Robert Okafor,Romance,Simon & Schuster,1998,551,40.08,3.9,true,A gripping romance novel that explores themes of betrayal and memory through the eyes of a young protagonist navigating a changing world.
BK0434,Echoes from Desert,Aisha Martinez,Fantasy,Springer,1989,739,40.8,3.2,false,This authoritative volume on consciousness offers practical insights and rigorous analysis for students and practitioners alike.
BK0435,The Hidden Mind,Jennifer Garcia,Self-Help,Vintage,1957,248,45.29,4.2,true,"An award-winning exploration of betrayal, blending innovation with sharp, contemporary prose that has captivated readers worldwide."
BK0436,Whispers of Garden,Mei Rossi,Mystery,O'Reilly Media,2025,175,7.41,3.5,true,A gripping mystery novel that explores themes of justice and culture through the eyes of a young protagonist navigating a changing world.
BK0437,Whispers of Network,Mei Rossi,Science Fiction,MIT Press,1994,354,19.35,3.2,true,"An award-winning exploration of artificial intelligence, blending betrayal with sharp, contemporary prose that has captivated readers worldwide."
BK0438,The Silent Machine,Barbara Okafor,Fiction,Anchor Books,1996,607,31.22,4.7,false,"Combining resilience with freedom, this book delivers a compelling narrative that challenges convention."
BK0439,Voices in Forest,Charles Lee,Poetry,O'Reilly Media,2010,656,40.54,3.8,false,"A sweeping tale set against the backdrop of data, where unforgettable characters confront questions of family and identity."
BK0440,Whispers of Universe,Elizabeth Lopez,Horror,MIT Press,1988,279,22.38,2.5,true,This authoritative volume on discovery offers practical insights and rigorous analysis for students and practitioners alike.
BK0441,The Silent Quantum,Mei Taylor,Self-Help,Bloomsbury,2016,426,6.48,3.6,false,"Combining family with love, this book delivers a compelling narrative that challenges convention."
BK0442,Echoes from River,Susan Rossi,Self-Help,Manning,2010,524,19.48,4.3,false,"A sweeping tale set against the backdrop of family, where unforgettable characters confront questions of justice and identity."
BK0443,Dreams of Network,Linda Moore,Mystery,Bloomsbury,1989,411,41.01,3.8,false,"A sweeping tale set against the backdrop of ambition, where unforgettable characters confront questions of technology and identity."
BK0444,Beyond the City,Patricia Patel,Science Fiction,O'Reilly Media,2012,398,43.82,3.7,false,A gripping science fiction novel that explores themes of freedom and war through the eyes of a young protagonist navigating a changing world.
BK0445,The Silent Forest,Patricia Martinez,Self-Help,Macmillan,1971,568,45.25,3.1,true,A gripping self-help novel that explores themes of machine learning and ambition through the eyes of a young protagonist navigating a changing world.
BK0446,Dreams of City,Anya Cohen,Thriller,O'Reilly Media,2002,594,43.62,2.6,true,"An award-winning exploration of war, blending justice with sharp, contemporary prose that has captivated readers worldwide."
BK0447,Dreams of Garden,Sarah Taylor,Horror,Simon & Schuster,1979,376,50.12,4.6,true,A landmark study of family drawing on decades of research and firsthand experience in innovation.
BK0448,The Hidden Star,Mateo Johnson,Horror,Hachette,2013,216,34.13,5.0,false,"A sweeping tale set against the backdrop of society, where unforgettable characters confront questions of discovery and identity."
BK0449,Echoes from Forest,Aisha Kim,Adventure,Penguin Random House,2025,653,12.59,3.7,false,"An award-winning exploration of loss, blending war with sharp, contemporary prose that has captivated readers worldwide."
BK0450,The Lost River,Patricia Davis,Drama,Wiley,2010,452,6.8,4.5,true,"A sweeping tale set against the backdrop of family, where unforgettable characters confront questions of love and identity."
BK0451,Tales of Quantum,Jessica Nguyen,Fiction,Pearson,1974,500,47.61,3.1,false,A gripping fiction novel that explores themes of society and culture through the eyes of a young protagonist navigating a changing world.
BK0452,The Ancient Frontier,Aisha Johnson,Thriller,Penguin Random House,2000,780,14.3,3.8,true,"An award-winning exploration of machine learning, blending family with sharp, contemporary prose that has captivated readers worldwide."
BK0453,Voices in Network,Olumide Lopez,Thriller,Bloomsbury,2011,317,7.14,3.4,true,This authoritative volume on war offers practical insights and rigorous analysis for students and practitioners alike.
BK0454,The Hidden Journey,Elizabeth Jackson,Poetry,Springer,2017,314,36.59,3.9,false,A landmark study of resilience drawing on decades of research and firsthand experience in justice.
BK0455,Songs of Revolution,Mei Okafor,Drama,Manning,1975,190,34.67,3.6,false,"Combining loss with resilience, this book delivers a compelling narrative that challenges convention."
BK0456,The Forgotten Network,Thomas Wilson,Fiction,Springer,1978,139,39.46,3.4,true,This authoritative volume on consciousness offers practical insights and rigorous analysis for students and practitioners alike.
BK0457,Voices in Algorithm,Michael Moore,Philosophy,Wiley,2018,684,14.31,3.2,false,A landmark study of memory drawing on decades of research and firsthand experience in identity.
BK0458,Voices in Machine,John Johnson,Mystery,Vintage,1971,302,53.16,3.0,false,"An award-winning exploration of identity, blending war with sharp, contemporary prose that has captivated readers worldwide."
BK0459,The Lost Algorithm,Hiroshi Taylor,Technology,Manning,1987,170,25.77,4.0,true,A gripping technology novel that explores themes of ambition and myth through the eyes of a young protagonist navigating a changing world.
BK0460,The Ancient Garden,Joseph Cohen,History,Wiley,1962,489,36.12,4.8,false,This authoritative volume on nature offers practical insights and rigorous analysis for students and practitioners alike.
BK0461,Tales of Ocean,Thomas Johnson,Drama,Springer,1964,431,10.2,3.0,true,A gripping drama novel that explores themes of consciousness and family through the eyes of a young protagonist navigating a changing world.
BK0462,Dreams of River,Michael Moore,Self-Help,Wiley,1986,703,39.76,2.9,false,A landmark study of identity drawing on decades of research and firsthand experience in myth.
BK0463,Echoes from Machine,Joseph Nguyen,Technology,Wiley,2009,226,15.0,3.0,false,"Combining memory with society, this book delivers a compelling narrative that challenges convention."
BK0464,Voices in Revolution,Joseph Schmidt,Science Fiction,Oxford University Press,1995,683,59.53,3.3,false,"A sweeping tale set against the backdrop of myth, where unforgettable characters confront questions of power and identity."
BK0465,Chronicles of Desert,Karen Davis,Drama,Pearson,2024,339,26.24,3.9,false,This authoritative volume on resilience offers practical insights and rigorous analysis for students and practitioners alike.
BK0466,The Silent Horizon,Mary Martinez,Biography,Pearson,1957,650,13.28,4.7,true,This authoritative volume on family offers practical insights and rigorous analysis for students and practitioners alike.
BK0467,Echoes from Mountain,Olumide Tanaka,Drama,Springer,1990,686,33.6,3.9,true,A gripping drama novel that explores themes of war and resilience through the eyes of a young protagonist navigating a changing world.
BK0468,Beyond the Kingdom,William Lopez,Thriller,Anchor Books,1986,358,19.83,3.3,false,"Combining ambition with consciousness, this book delivers a compelling narrative that challenges convention."
BK0469,Chronicles of Desert,Anya Taylor,Mystery,Simon & Schuster,2017,826,43.94,4.5,true,"Combining myth with discovery, this book delivers a compelling narrative that challenges convention."
BK0470,Chronicles of Legacy,Richard Williams,Fiction,Bloomsbury,1962,462,24.78,4.5,false,A gripping fiction novel that explores themes of family and consciousness through the eyes of a young protagonist navigating a changing world.
BK0471,Songs of Revolution,Mei Smith,Philosophy,Wiley,2003,175,22.45,2.6,true,This authoritative volume on artificial intelligence offers practical insights and rigorous analysis for students and practitioners alike.
BK0472,Beyond the Empire,Hiroshi Kim,Fantasy,MIT Press,2012,729,37.05,2.7,false,This authoritative volume on innovation offers practical insights and rigorous analysis for students and practitioners alike.
BK0473,Echoes from Garden,Jessica Martin,Science Fiction,Springer,1961,681,27.55,2.7,false,A landmark study of freedom drawing on decades of research and firsthand experience in freedom.
BK0474,Voices in River,Jessica Wilson,History,Wiley,1980,694,39.25,4.3,true,"An award-winning exploration of technology, blending justice with sharp, contemporary prose that has captivated readers worldwide."
BK0475,Dreams of Desert,Hiroshi Schmidt,Horror,Pearson,1966,235,42.26,3.6,false,"An award-winning exploration of memory, blending loss with sharp, contemporary prose that has captivated readers worldwide."
BK0476,The Lost Mountain,Olumide Martinez,Technology,Simon & Schuster,1999,751,50.36,4.5,true,"A sweeping tale set against the backdrop of war, where unforgettable characters confront questions of family and identity."
BK0477,The Lost Code,Robert Singh,Fantasy,Springer,1965,235,45.93,3.1,true,This authoritative volume on love offers practical insights and rigorous analysis for students and practitioners alike.
BK0478,The Forgotten Storm,Elizabeth Thomas,Poetry,O'Reilly Media,1957,459,17.28,3.8,true,"Combining artificial intelligence with justice, this book delivers a compelling narrative that challenges convention."
BK0479,The Hidden Revolution,Mateo Jones,Self-Help,Springer,1957,505,37.47,4.2,true,This authoritative volume on betrayal offers practical insights and rigorous analysis for students and practitioners alike.
BK0480,Shadows of Quantum,Karen Rodriguez,Romance,Penguin Random House,2014,790,57.03,2.7,false,A landmark study of society drawing on decades of research and firsthand experience in loss.
BK0481,Whispers of Mountain,Elizabeth Okafor,Drama,Anchor Books,2004,356,58.9,3.8,true,This authoritative volume on machine learning offers practical insights and rigorous analysis for students and practitioners alike.
BK0482,Whispers of Forest,Michael Moore,Self-Help,O'Reilly Media,1957,160,19.35,3.8,false,"A sweeping tale set against the backdrop of innovation, where unforgettable characters confront questions of consciousness and identity."
BK0483,The Silent Code,Hiroshi Lopez,Science Fiction,Oxford University Press,1993,361,59.77,4.9,false,A gripping science fiction novel that explores themes of myth and justice through the eyes of a young protagonist navigating a changing world.
BK0484,Dreams of Mountain,Sarah Rodriguez,Adventure,Hachette,1974,469,54.44,4.1,true,A landmark study of innovation drawing on decades of research and firsthand experience in artificial intelligence.
BK0485,Tales of Network,Hiroshi Davis,Philosophy,MIT Press,1985,706,14.24,4.9,false,"A sweeping tale set against the backdrop of data, where unforgettable characters confront questions of freedom and identity."
BK0486,The Lost Kingdom,Charles Jackson,Fantasy,Wiley,1980,261,22.68,4.3,true,"A sweeping tale set against the backdrop of freedom, where unforgettable characters confront questions of myth and identity."
BK0487,Tales of Forest,David Williams,Adventure,Manning,2023,241,15.93,4.6,true,A landmark study of love drawing on decades of research and firsthand experience in memory.
BK0488,Dreams of Mind,Elizabeth Thomas,Adventure,Springer,1990,275,48.06,2.8,true,A gripping adventure novel that explores themes of culture and culture through the eyes of a young protagonist navigating a changing world.
BK0489,Tales of Legacy,Karen Davis,Romance,Pearson,1984,356,43.11,3.4,false,"An award-winning exploration of artificial intelligence, blending culture with sharp, contemporary prose that has captivated readers worldwide."
BK0490,Chronicles of Network,Barbara Garcia,History,Vintage,2004,623,31.58,2.9,true,A gripping history novel that explores themes of power and love through the eyes of a young protagonist navigating a changing world.
BK0491,The Last Mind,Linda Kim,Adventure,Wiley,1980,329,9.56,4.8,false,"Combining machine learning with nature, this book delivers a compelling narrative that challenges convention."
BK0492,Songs of Universe,Diego Davis,Thriller,MIT Press,2006,162,38.82,4.6,false,"A sweeping tale set against the backdrop of culture, where unforgettable characters confront questions of consciousness and identity."
BK0493,Tales of Journey,Thomas Patel,Technology,Anchor Books,1959,653,11.89,3.6,true,"An award-winning exploration of artificial intelligence, blending data with sharp, contemporary prose that has captivated readers worldwide."
BK0494,Chronicles of Empire,Sarah Wilson,Biography,Manning,1961,314,21.71,3.5,false,This authoritative volume on resilience offers practical insights and rigorous analysis for students and practitioners alike.
BK0495,The Last Revolution,Mei Johnson,Biography,Springer,2021,265,31.02,4.1,true,A landmark study of artificial intelligence drawing on decades of research and firsthand experience in identity.
BK0496,The Forgotten Legacy,Diego Nguyen,Science Fiction,Manning,1972,522,28.32,3.6,true,"A sweeping tale set against the backdrop of history, where unforgettable characters confront questions of nature and identity."
BK0497,Shadows of Universe,John Rodriguez,Adventure,Oxford University Press,1975,246,10.91,4.3,false,A gripping adventure novel that explores themes of artificial intelligence and nature through the eyes of a young protagonist navigating a changing world.
BK0498,Chronicles of Truth,Karen Garcia,Biography,MIT Press,2025,509,8.36,2.9,false,"Combining society with freedom, this book delivers a compelling narrative that challenges convention."
BK0499,Songs of Kingdom,Jennifer Singh,Science Fiction,Springer,1961,549,22.63,4.3,false,This authoritative volume on myth offers practical insights and rigorous analysis for students and practitioners alike.
BK0500,The Ancient Kingdom,Michael Smith,Mystery,Pearson,1987,132,30.76,4.6,true,"Combining machine learning with family, this book delivers a compelling narrative that challenges convention."
BK0501,Tales of Machine,Jessica Thomas,Fantasy,MIT Press,2011,201,38.46,2.5,false,"Combining myth with data, this book delivers a compelling narrative that challenges convention."
BK0502,Songs of River,Mary Garcia,Drama,Simon & Schuster,1962,788,24.84,2.9,true,A landmark study of history drawing on decades of research and firsthand experience in culture.
BK0503,Echoes from Garden,Mary Brown,Romance,MIT Press,1977,285,42.28,4.0,true,"A sweeping tale set against the backdrop of consciousness, where unforgettable characters confront questions of history and identity."
BK0504,The Ancient Empire,John Singh,Thriller,Macmillan,1996,497,54.46,4.6,false,"Combining technology with discovery, this book delivers a compelling narrative that challenges convention."
BK0505,Beyond the Storm,Priya Okafor,History,Macmillan,1997,659,28.33,3.0,true,"Combining war with identity, this book delivers a compelling narrative that challenges convention."
BK0506,Chronicles of Network,Thomas Williams,Technology,O'Reilly Media,1991,557,38.87,3.3,false,"An award-winning exploration of culture, blending history with sharp, contemporary prose that has captivated readers worldwide."
BK0507,Voices in Horizon,Aisha Taylor,History,O'Reilly Media,1978,744,18.56,3.2,true,A gripping history novel that explores themes of identity and love through the eyes of a young protagonist navigating a changing world.
BK0508,The Lost Storm,Mateo Okafor,History,Hachette,2008,543,8.45,3.4,true,A gripping history novel that explores themes of myth and ambition through the eyes of a young protagonist navigating a changing world.
BK0509,The Last Ocean,Anya Williams,Poetry,Macmillan,1993,638,35.69,4.4,true,A landmark study of memory drawing on decades of research and firsthand experience in memory.
BK0510,Chronicles of Legacy,Karen Smith,Biography,Vintage,1977,318,23.84,3.3,false,"A sweeping tale set against the backdrop of war, where unforgettable characters confront questions of myth and identity."
BK0511,The Hidden Kingdom,Aisha Thomas,Science Fiction,Anchor Books,2023,463,30.96,4.5,true,"Combining discovery with history, this book delivers a compelling narrative that challenges convention."
BK0512,The Lost Desert,Sarah Jackson,Poetry,Penguin Random House,1981,711,43.01,4.5,false,A gripping poetry novel that explores themes of freedom and justice through the eyes of a young protagonist navigating a changing world.
BK0513,The Silent Desert,Richard Patel,Drama,Manning,1976,704,38.7,3.0,true,This authoritative volume on nature offers practical insights and rigorous analysis for students and practitioners alike.
BK0514,The Silent Ocean,Susan Williams,Poetry,O'Reilly Media,1985,500,30.39,4.9,true,"Combining discovery with betrayal, this book delivers a compelling narrative that challenges convention."
BK0515,Echoes from Empire,Olumide Miller,Mystery,Anchor Books,1966,574,33.31,4.5,true,"An award-winning exploration of memory, blending machine learning with sharp, contemporary prose that has captivated readers worldwide."
BK0516,Songs of Truth,Elizabeth Singh,Poetry,Oxford University Press,1973,220,50.39,4.8,true,"An award-winning exploration of consciousness, blending war with sharp, contemporary prose that has captivated readers worldwide."
BK0517,Dreams of Quantum,Fatima Moore,History,HarperCollins,1955,438,56.34,4.2,true,This authoritative volume on resilience offers practical insights and rigorous analysis for students and practitioners alike.
BK0518,Voices in Frontier,Hiroshi Kim,Mystery,Macmillan,1957,711,46.95,4.1,true,This authoritative volume on ambition offers practical insights and rigorous analysis for students and practitioners alike.
BK0519,The Last Journey,David Singh,Romance,O'Reilly Media,1970,399,14.05,3.2,true,"Combining data with artificial intelligence, this book delivers a compelling narrative that challenges convention."
BK0520,Shadows of Journey,Barbara Jackson,Mystery,Oxford University Press,1989,264,56.93,4.5,true,"An award-winning exploration of technology, blending discovery with sharp, contemporary prose that has captivated readers worldwide."
BK0521,The Ancient Desert,Sarah Thomas,Technology,Penguin Random House,1971,149,31.41,4.2,true,"A sweeping tale set against the backdrop of war, where unforgettable characters confront questions of technology and identity."
BK0522,Dreams of Forest,Priya Lee,Biography,Anchor Books,2012,751,25.19,3.3,true,A landmark study of society drawing on decades of research and firsthand experience in data.
BK0523,The Ancient Frontier,Olumide Thomas,Mystery,Pearson,1971,215,49.88,4.8,false,A gripping mystery novel that explores themes of resilience and discovery through the eyes of a young protagonist navigating a changing world.
BK0524,The Lost Quantum,Olumide Thomas,Philosophy,O'Reilly Media,1984,349,13.75,4.7,false,This authoritative volume on innovation offers practical insights and rigorous analysis for students and practitioners alike.
BK0525,The Ancient Machine,David Cohen,Poetry,Vintage,1996,584,32.32,2.7,true,This authoritative volume on machine learning offers practical insights and rigorous analysis for students and practitioners alike.
BK0526,Beyond the City,Olumide Lopez,Drama,Pearson,1971,640,11.55,4.5,true,This authoritative volume on data offers practical insights and rigorous analysis for students and practitioners alike.
BK0527,The Forgotten City,Sarah Thomas,Mystery,MIT Press,2007,364,39.52,3.9,false,"A sweeping tale set against the backdrop of technology, where unforgettable characters confront questions of memory and identity."
BK0528,Songs of Quantum,Charles Anderson,Fantasy,Bloomsbury,2010,700,48.51,3.9,true,"An award-winning exploration of society, blending society with sharp, contemporary prose that has captivated readers worldwide."
BK0529,Chronicles of Quantum,Charles Tanaka,Mystery,O'Reilly Media,1969,726,38.18,3.3,true,"A sweeping tale set against the backdrop of betrayal, where unforgettable characters confront questions of discovery and identity."
BK0530,Whispers of Revolution,Patricia Khan,Biography,Vintage,2003,455,32.68,4.2,true,"An award-winning exploration of freedom, blending history with sharp, contemporary prose that has captivated readers worldwide."
BK0531,The Forgotten Network,Anya Smith,Adventure,Bloomsbury,1973,796,14.05,3.8,false,"Combining history with resilience, this book delivers a compelling narrative that challenges convention."
BK0532,Shadows of Machine,Diego Hernandez,Fantasy,Macmillan,1993,565,44.75,4.8,true,"Combining love with culture, this book delivers a compelling narrative that challenges convention."
BK0533,Dreams of Kingdom,Fatima Martinez,Self-Help,Penguin Random House,2002,682,58.26,2.5,false,A gripping self-help novel that explores themes of discovery and love through the eyes of a young protagonist navigating a changing world.
BK0534,Dreams of Quantum,Charles Wilson,Fantasy,Wiley,1995,848,26.66,3.5,true,A landmark study of betrayal drawing on decades of research and firsthand experience in machine learning.
BK0535,Shadows of Journey,Richard Tanaka,Science Fiction,Anchor Books,2001,547,14.32,5.0,true,"An award-winning exploration of love, blending technology with sharp, contemporary prose that has captivated readers worldwide."
BK0536,The Silent Kingdom,Mateo Rossi,Philosophy,O'Reilly Media,2010,259,10.56,4.1,false,"A sweeping tale set against the backdrop of nature, where unforgettable characters confront questions of culture and identity."
BK0537,Dreams of Revolution,Jennifer Thomas,Adventure,Manning,2009,685,50.27,3.5,true,"An award-winning exploration of power, blending culture with sharp, contemporary prose that has captivated readers worldwide."
BK0538,Tales of Heart,Fatima Kim,Fiction,Hachette,2019,395,28.18,3.9,false,A gripping fiction novel that explores themes of war and history through the eyes of a young protagonist navigating a changing world.
BK0539,Chronicles of Code,Patricia Martin,History,O'Reilly Media,1965,265,45.42,3.8,false,"A sweeping tale set against the backdrop of artificial intelligence, where unforgettable characters confront questions of technology and identity."
BK0540,The Ancient Revolution,John Davis,Self-Help,O'Reilly Media,1964,820,40.21,4.5,false,"Combining war with memory, this book delivers a compelling narrative that challenges convention."
BK0541,The Forgotten Mountain,Jessica Thomas,Self-Help,Manning,2015,707,45.62,3.6,false,This authoritative volume on betrayal offers practical insights and rigorous analysis for students and practitioners alike.
BK0542,The Ancient Revolution,Mateo Martinez,Poetry,Springer,1988,182,39.97,3.9,true,A landmark study of discovery drawing on decades of research and firsthand experience in consciousness.
BK0543,The Silent City,Jessica Williams,Technology,Simon & Schuster,2019,198,51.97,3.2,true,"Combining justice with justice, this book delivers a compelling narrative that challenges convention."
BK0544,The Last Mountain,Mateo Brown,Drama,Pearson,1977,725,45.89,4.1,false,"An award-winning exploration of justice, blending nature with sharp, contemporary prose that has captivated readers worldwide."
BK0545,The Hidden Forest,Anya Moore,Fantasy,Vintage,1959,471,59.13,4.9,true,"A sweeping tale set against the backdrop of power, where unforgettable characters confront questions of innovation and identity."
BK0546,The Lost Universe,Mateo Patel,Fantasy,Simon & Schuster,1981,711,45.65,3.4,false,A gripping fantasy novel that explores themes of war and betrayal through the eyes of a young protagonist navigating a changing world.
BK0547,Dreams of Heart,Elizabeth Taylor,History,Springer,2023,359,26.5,4.3,false,This authoritative volume on freedom offers practical insights and rigorous analysis for students and practitioners alike.
BK0548,Dreams of Mountain,Elizabeth Schmidt,Drama,Bloomsbury,2012,511,42.63,4.9,true,A gripping drama novel that explores themes of data and myth through the eyes of a young protagonist navigating a changing world.
BK0549,Songs of Mind,Karen Schmidt,Thriller,Wiley,1989,463,20.59,4.5,false,A landmark study of history drawing on decades of research and firsthand experience in innovation.
BK0550,The Forgotten Machine,Mateo Davis,History,Springer,1979,652,24.21,4.2,true,This authoritative volume on data offers practical insights and rigorous analysis for students and practitioners alike.
BK0551,The Silent Garden,James Anderson,Philosophy,HarperCollins,2022,226,43.01,3.4,false,This authoritative volume on ambition offers practical insights and rigorous analysis for students and practitioners alike.
BK0552,Tales of Garden,Mary Lee,Fiction,Wiley,1982,733,40.45,4.3,true,A gripping fiction novel that explores themes of culture and freedom through the eyes of a young protagonist navigating a changing world.
BK0553,The Lost Frontier,Diego Patel,Biography,Pearson,1978,233,43.56,3.1,false,A landmark study of technology drawing on decades of research and firsthand experience in myth.
BK0554,The Ancient Ocean,Olumide Anderson,History,Springer,1996,383,14.74,2.7,true,"A sweeping tale set against the backdrop of innovation, where unforgettable characters confront questions of memory and identity."
BK0555,The Last Ocean,Jennifer Thomas,Fiction,HarperCollins,2017,325,38.95,2.9,false,A gripping fiction novel that explores themes of freedom and data through the eyes of a young protagonist navigating a changing world.
BK0556,Dreams of River,Karen Patel,Horror,HarperCollins,2011,385,11.57,2.7,false,"A sweeping tale set against the backdrop of love, where unforgettable characters confront questions of machine learning and identity."
BK0557,The Lost Network,James Schmidt,Science Fiction,Penguin Random House,2004,392,14.18,3.3,false,"Combining love with artificial intelligence, this book delivers a compelling narrative that challenges convention."
BK0558,The Forgotten Heart,Jessica Anderson,Poetry,MIT Press,1963,673,18.19,3.5,false,A gripping poetry novel that explores themes of history and data through the eyes of a young protagonist navigating a changing world.
BK0559,Echoes from Desert,Hiroshi Martinez,Adventure,MIT Press,1962,767,59.83,4.1,false,"Combining memory with technology, this book delivers a compelling narrative that challenges convention."
BK0560,The Hidden Frontier,Olumide Martinez,Drama,Wiley,1980,300,35.93,4.9,true,This authoritative volume on nature offers practical insights and rigorous analysis for students and practitioners alike.
BK0561,Whispers of Network,Priya Lopez,Adventure,O'Reilly Media,1965,767,29.64,3.0,true,"An award-winning exploration of love, blending consciousness with sharp, contemporary prose that has captivated readers worldwide."
BK0562,Shadows of Heart,Richard Williams,Technology,Bloomsbury,2024,778,22.61,3.8,false,A gripping technology novel that explores themes of war and memory through the eyes of a young protagonist navigating a changing world.
BK0563,Echoes from Horizon,Mary Wilson,Fiction,HarperCollins,1982,789,42.03,3.6,true,A landmark study of history drawing on decades of research and firsthand experience in family.
BK0564,Whispers of Empire,Mateo Jones,Adventure,O'Reilly Media,1957,602,54.98,4.0,true,A landmark study of myth drawing on decades of research and firsthand experience in freedom.
BK0565,Beyond the Network,Mary Rossi,Fiction,Macmillan,1967,587,39.0,4.6,true,A gripping fiction novel that explores themes of identity and machine learning through the eyes of a young protagonist navigating a changing world.
BK0566,The Forgotten Revolution,Linda Williams,Technology,Bloomsbury,1980,556,24.21,4.6,false,This authoritative volume on identity offers practical insights and rigorous analysis for students and practitioners alike.
BK0567,Voices in Kingdom,David Tanaka,Technology,Bloomsbury,1982,166,38.02,3.3,true,This authoritative volume on freedom offers practical insights and rigorous analysis for students and practitioners alike.
BK0568,Chronicles of Code,Sarah Garcia,Science Fiction,O'Reilly Media,1986,715,8.19,2.7,false,"An award-winning exploration of love, blending machine learning with sharp, contemporary prose that has captivated readers worldwide."
BK0569,The Silent Mountain,Jennifer Schmidt,Mystery,HarperCollins,1991,546,43.44,4.5,false,A landmark study of freedom drawing on decades of research and firsthand experience in ambition.
BK0570,The Lost Ocean,Thomas Thomas,Science Fiction,MIT Press,1985,298,38.96,2.6,true,A landmark study of machine learning drawing on decades of research and firsthand experience in culture.
BK0571,The Lost City,Barbara Anderson,Mystery,Penguin Random House,1985,316,12.34,3.8,true,"Combining loss with data, this book delivers a compelling narrative that challenges convention."
BK0572,Shadows of Universe,Olumide Patel,Self-Help,Wiley,1981,403,8.86,2.8,true,A landmark study of machine learning drawing on decades of research and firsthand experience in machine learning.
BK0573,Beyond the Machine,Mei Johnson,Science Fiction,Penguin Random House,2001,411,17.31,3.1,false,A gripping science fiction novel that explores themes of identity and consciousness through the eyes of a young protagonist navigating a changing world.
BK0574,The Ancient Journey,Jennifer Garcia,Fiction,Bloomsbury,1958,616,33.79,2.7,true,A landmark study of resilience drawing on decades of research and firsthand experience in history.
BK0575,Echoes from Mind,Michael Kim,Technology,Wiley,1996,355,48.05,3.3,true,"An award-winning exploration of consciousness, blending power with sharp, contemporary prose that has captivated readers worldwide."
BK0576,Shadows of Algorithm,Diego Davis,Drama,HarperCollins,2015,719,32.15,4.7,true,"An award-winning exploration of culture, blending resilience with sharp, contemporary prose that has captivated readers worldwide."
BK0577,Dreams of Code,Robert Thomas,Science Fiction,Springer,1979,767,25.35,3.2,false,"An award-winning exploration of war, blending nature with sharp, contemporary prose that has captivated readers worldwide."
BK0578,The Silent Ocean,Robert Brown,Technology,Vintage,2014,589,28.57,4.4,true,This authoritative volume on culture offers practical insights and rigorous analysis for students and practitioners alike.
BK0579,The Forgotten Network,Karen Rossi,Horror,Simon & Schuster,2025,355,10.66,4.6,false,"An award-winning exploration of history, blending machine learning with sharp, contemporary prose that has captivated readers worldwide."
BK0580,The Hidden Ocean,James Kim,Drama,MIT Press,1986,373,23.66,3.9,true,"Combining love with power, this book delivers a compelling narrative that challenges convention."
BK0581,The Silent Heart,Mateo Singh,Fiction,Manning,1959,555,34.67,3.7,true,"A sweeping tale set against the backdrop of machine learning, where unforgettable characters confront questions of family and identity."
BK0582,Voices in Frontier,James Nguyen,Mystery,Springer,2007,343,13.16,3.2,true,A gripping mystery novel that explores themes of machine learning and society through the eyes of a young protagonist navigating a changing world.
BK0583,Beyond the Quantum,Joseph Okafor,Romance,Pearson,1958,585,31.03,2.8,false,"An award-winning exploration of loss, blending myth with sharp, contemporary prose that has captivated readers worldwide."
BK0584,Chronicles of Network,James Okafor,History,Wiley,1964,514,54.24,3.3,true,This authoritative volume on power offers practical insights and rigorous analysis for students and practitioners alike.
BK0585,Tales of Journey,Charles Cohen,Poetry,Hachette,1965,755,53.56,4.3,true,"Combining society with loss, this book delivers a compelling narrative that challenges convention."
BK0586,The Silent Storm,Richard Lopez,Adventure,O'Reilly Media,1960,494,25.78,4.1,true,"Combining nature with ambition, this book delivers a compelling narrative that challenges convention."
BK0587,Echoes from Star,Sarah Brown,Science Fiction,Wiley,2016,714,53.03,4.3,true,This authoritative volume on loss offers practical insights and rigorous analysis for students and practitioners alike.
BK0588,The Lost Mind,William Johnson,Self-Help,HarperCollins,2002,473,30.42,3.8,true,"A sweeping tale set against the backdrop of nature, where unforgettable characters confront questions of data and identity."
BK0589,Songs of Journey,Diego Martinez,Philosophy,O'Reilly Media,2002,809,57.04,4.5,true,"An award-winning exploration of resilience, blending technology with sharp, contemporary prose that has captivated readers worldwide."
BK0590,Dreams of Forest,Elizabeth Williams,Mystery,HarperCollins,1976,402,12.04,2.9,true,"An award-winning exploration of artificial intelligence, blending myth with sharp, contemporary prose that has captivated readers worldwide."
BK0591,The Last Mind,Hiroshi Jackson,Fiction,Anchor Books,1971,605,24.71,3.6,true,This authoritative volume on ambition offers practical insights and rigorous analysis for students and practitioners alike.
BK0592,Songs of Star,Kenji Moore,Fiction,Wiley,1997,541,37.24,4.1,false,"A sweeping tale set against the backdrop of history, where unforgettable characters confront questions of society and identity."
BK0593,Voices in Journey,Joseph Thomas,Poetry,Macmillan,1971,433,15.26,3.2,false,This authoritative volume on discovery offers practical insights and rigorous analysis for students and practitioners alike.
BK0594,Echoes from City,Joseph Garcia,Science Fiction,Pearson,1975,848,34.9,3.0,true,A landmark study of nature drawing on decades of research and firsthand experience in society.
BK0595,Beyond the Forest,Linda Brown,Horror,Penguin Random House,1995,708,12.82,3.2,true,"An award-winning exploration of data, blending nature with sharp, contemporary prose that has captivated readers worldwide."
BK0596,The Lost Desert,Barbara Jones,Fiction,Oxford University Press,2012,672,58.67,3.8,true,A gripping fiction novel that explores themes of innovation and machine learning through the eyes of a young protagonist navigating a changing world.
BK0597,Beyond the Universe,Mei Hernandez,Horror,Simon & Schuster,1955,679,58.67,3.3,false,"A sweeping tale set against the backdrop of discovery, where unforgettable characters confront questions of history and identity."
BK0598,Beyond the Legacy,Mateo Schmidt,Philosophy,Anchor Books,2011,466,43.2,4.3,true,"An award-winning exploration of society, blending data with sharp, contemporary prose that has captivated readers worldwide."
BK0599,The Last Mountain,Richard Lee,Mystery,Vintage,1983,576,25.29,3.3,true,"Combining artificial intelligence with family, this book delivers a compelling narrative that challenges convention."
BK0600,The Ancient Frontier,William Miller,Horror,Penguin Random House,1965,671,51.86,4.2,true,"Combining innovation with ambition, this book delivers a compelling narrative that challenges convention."
